an	angel	ever	forgotten	him	his	kid	listened	mist	never	singing	voice
17	age	always	around	comforting	early	find	forgot	gentle	graduated	grew	grow	had	have	his	how	jesus	job	just	leave	like	little	loving	most	mr	never	no	people	reeves	simple	smooth	sounds	sweet	they	think	town	up	voice	were	who
everyday	him	his	listening	mum	played	who
appreciate	because	child	cry	death	every	fear	funerals	got	heard	jim	many	over	reeves	reminded	rip	souls	touches	used	voice	your
70	changes	dad	didn	do	how	jim	listening	loved	reeves	teenager	then	things
71	also	am	comes	feeling	have	he	his	jim	listened	nostalgic	puts	reeves	since	tunes
18	1966	47	67	able	an	both	came	cry	dianne	down	driver	foreboding	girlfriend	gunner	hawaii	hear	high	inducted	into	june	just	knowledge	laid	later	like	loved	make	married	marry	might	months	not	our	out	rpg	school	senior	texas	took	up	usmc	wedding	year
also	before	charity	colour	concert	death	dvd	few	he	his	interviewed	jim	june	length	norway	only	rare	shop	up	weeks
47	am	are	be	can	contents	follow	god	grew	heart	his	its	jim	lord	many	muslim	one	only	our	places	praise	praises	reeves	seen	some	sure	type	universal	up	well	words
grew	jim	lane	listening	memory	reeves	up
1970	cry	dance	every	favourites	grandfather	grandparents	had	hear	hearing	jukebox	makes	one	pub	used	wonderful
fine	gentleman	jim	our	parents	played	player	record	tune	tunes
album	away	can	drift	happy	him	jim	listening	many	reeves
60	early	england	fantastic	jim	john	listened	lot	reeves	singer	takes	voice	wonderful
1966	always	coming	he	heart	up	young
father	favorite	his	jim	kid	listening	lps	played	player	record	reeves	voice
1966	born	by	everyone	loved	missed	number	one	singer	well
hear	many
remembering
children	comfort	listening	lot	loved	parents	played	they	too	were
bring	candy	fond	jim	listening	mom	momma	oldies	over	such	these
dad	had	him	how	if	known	much	only	would
away	dad	dance	get	goosebumps	has	little	mom	passed	play	used
be	being	cannot	child	furniture	gramaphone	grandparents	house	itself	jim	listening	made	piece	played	replicated	rose	small	somehow	sound	such	suited	these	today	tone	vacuum	valves	voice	well	wood
away	be	both	boy	can	dad	each	everytime	favorite	god	hear	hums	late	mom	played	radio	too	way	young
59	almost	country	crash	death	favorite	forever	his	jim	live	one	plane	reeves	shattered	singers	untimely	what	will	world
always	army	came	home	jim	join	left	make	mum	one	our	out	piece	play	played	player	record	reeves	she	sure	them	they	till	told	wore	would
amazing	country	get	loved	mum	never	one	over	remind	served	thinking	were	while	will
ago	boy	dad	drinks	ever	few	had	he	house	jim	live	long	only	party	reeves	sing	would
always	be	captured	died	everyone	favourite	happy	have	hrs	jim	last	much	mum	reliving	sadly	shares	she	spent	such	thank	who	will
10	about	after	away	came	correctly	crash	died	disc	he	if	jockey	just	mr	news	out	over	passed	plane	reeves	said
30	47	am	australia	away	blue	caught	child	dad	have	heard	hearing	husband	just	not	out	sing	started	straight	sung	western	words
are	asked	both	father	going	gone	he	him	into	law	loved	loving	mary	mother	much	name	people	them	they	were	world
always	gentleman	have	jim	loved	mary	name	those	too	well	young
give	had	he	his	kid	listening	loved	more	much	soon	taken	too	voice
ago	awesome	bless	distant	drums	god	have	his	inverness	jim	jims	listened	many	since	singer	teens
always	genesis	punk	rock
cafe	little	mom	played
2006	always	away	cry	favorite	frequently	grandmother	he	hearing	him	his	listened	makes	many	passed	quite	september	she	since	singer	thinking	want
happy	parents	times
60s	70s	again	big	breakfast	bring	could	dad	dean	does	early	every	fix	go	gosh	hank	jim	jimmy	jones	late	morning	nearly	one	or	pancakes	put	reeves	sausage	some	sunday	us	wish	would
always	cash	granddad	jim	johnny	liked	listening	reeves	who
again	beautifully	during	enough	era	how	kind	know	knowing	labor	live	lucky	makes	never	real	record	sad	see	smile	very	well	will	written
loved	takes	track	very
an	around	awesome	cheer	down	face	grin	had	how	lane	live	long	many	memory	much	other	thank	then	trip	where	wonderful
classic	do	hanging	much	sure	there	those	throw
31	always	been	god	husbands	joke	months	no	passed	rip	since	sing	use	will	yrs
1974	always	brilliant	last	remind	school	year
fell	gosh	just	loved	oh	sweet	then	tune	youth
70	94	classic	fm	gold	graffiti	jack	kool	listening	phoenix	posting	show	thanks	weekend
day	first	heard	most	thought
best	lady	north	oahu	shore	some	special	sunset	watching
after	attention	because	broke	choose	competing	growing	guy	heart	ladies	other	reconnected	she	turned	up	young
1990	after	again	always	am	are	bawled	beatles	broke	came	checking	did	elvis	eyes	gate	get	guardhouse	just	like	listening	loved	lump	not	out	people	play	radio	sight	throat	together	wife	work	young	your	youtube
are	elvis	everytime	funeral	grandma	head	listen	loved	many	played	really	there
life
everything	hear	imagine	life	live	lyrics	side
10	been	broke	ever	have	heart	later	loving	more	most	regret	relationship	ruined	should	transparent	woman	wonderful
along	am	amazing	are	blessed	both	can	curled	dad	deep	fathers	give	glad	had	have	he	how	lap	life	loved	mary	most	much	mum	receive	sat	shared	showing	singing	sung	thank	them	they	together	up	very	voice	while
happy	reminded	usa	which	youthful
baritone	could	everytime	golden	growing	hear	heard	makes	nostalgic	swoon	up
11	around	aunt	came	died	elvis	family	go	had	into	kitchen	shock	shocked	standing	too	tv	watching
child	how	mum	rip	sing	sweet	used
eyes	his	many	tears
45	67	alive	bought	came	favorite	have	mom	motown	out	record	sound	then	well
19	came	out	some
black	college	fantastic	first	group	guys	heard	his	probably	radio	soul	steve	teens	these	they	thought	were	winwood
60	70	fantastic	he	rock	times	were
14	17	am	boot	fantastic	first	heard	mono	no	radio	stereo	steve	winwood	year
sure	thats
francisco	san	way	what
an	died	laura	much	name	she	wife
16	clearly	dancing	mama
always	dad	everyday	he	hearts	laura	longer	mum	name	no	our	remains	sing	us
80s	depressing	early	ever	had	heard	kid	most	mum	tape	thing	thinking
always	banger	cars	do	lorry	meeting	our	played	race	times	used	way	were
11	always	away	cd	grandad	he	him	learned	listens	lost	passed	sadly	will	words
1993	como	italia	laura	thank	turn
lovely	made	thank	us	video	what	work
always	bring	changed	daughter	dont	even	eyes	growing	hear	if	im	know	late	later	leoni	life	mum	name	obviously	one	play	radio	she	sing	stuck	tears	teens	thats	them	toddler	tunes	up	used	which	would
dad	dads	favourite	he	last	lost	one	singers	year
absolutely	artist	come	favorite	grandfathers	his	jim	reeves	thank
dear	distant	drums	first	his	jim	maybe	memory	reeves	unforgettable	voice
banned	been	bonnie	lies	lol	ocean	over	radio	sad	sadder	school	sing	think	used
1960	big	charts	hit	memorable	no	one	teenager	very	weeks
lol	some
14	20	90s	after	ask	best	bullshit	called	contact	courage	during	early	ever	facebook	first	flowing	found	friends	girl	got	had	happily	joking	kids	later	laura	living	long	married	messages	met	never	our	out	part	separate	true	up	went	year	young
blackstone	crossroads	laura	lived	she	where	wonder
child	dad	had	he	him	much	oh	sing	such	use	very	voice
forget	gonna	jim	never	sad	they
along	grandad	grandparents	hearing	his	jim	loved	nan	reeves	rip	singing	who	young
been	different	experienced	had	have	head	lot	shoulders	then	things	wish	would	younger
bring	his	yesterday
be	caretaker	embarrassing	everyday	find	just	life	men	need	sang	school	sing	sweet	tommy	usually	would
about	ago	also	been	check	choice	completely	composure	couldn	favorites	funeral	grandad	guess	have	his	hit	home	just	kept	lost	makes	mary	melancholy	more	named	nan	one	over	perfect	played	quite	really	relatively	service	soon	started	there	thinking	throughout	too	uplifting	us	utterly	very	which	year
ago	can	chronic	constant	danced	dancing	engaged	got	he	husband	jim	like	listen	live	mining	much	no	one	over	pain	passed	reeves	sing	who	worked	world
age	alive	brought	father	feelings	his	kid	listening	living	lot	man	mum	parents	played	she	teen	younger
73	alive	be	lord	take	what
20	21	about	after	again	ago	also	an	be	before	damn	depending	few	gf	grocery	hadn	hooked	house	into	knows	last	like	live	macias	might	moment	more	mother	mothers	name	oct	or	ran	reconnected	see	store	then	think	tv	up	watched	what	who	year
73	around	elvis	had	king	late	let	mother	stay	talk	true	up	watch
after	believe	day	hard	he	less	passed	re	than
always	am	an	bedroom	can	deep	elvis	etc	ever	forget	he	here	him	his	how	looks	oldie	posters	singers	surpass	these	tuning	voice	wonderful	younger
58	before	booth	bought	changed	chemist	have	listening	local	oh	our	times
happy	heard	only	schoolboy
1965	2018	25	53	60	band	called	decca	fun	gets	golden	got	had	has	heard	hello	included	june	just	knows	list	lost	made	might	miming	net	our	play	played	radio	recording	reflection	released	rock	romance	singing	takes	together	trend	video	who
become	big	called	channels	dances	did	even	going	group	he	hear	him	home	hurry	just	kings	life	local	never	one	our	played	school	sing	some	star	such	teen	teenage	then	they	think	those	times	tv	used	went	were	what	where	would
31	again	ago	dad	died	do	ever	get	greatest	listening	ll	lovely	mum	rip	start	today	voice	your
angel	blue	christmas	every	favorite	gram	happy	lps	orbison	our	play	roy	stereo	times	used
16	about	aunt	cousin	cute	dum	everywhere	favorite	go	haha	he	his	little	lonely	lot	only	orbison	play	roy	singing	used	yeh
concert	got	have	he	him	mom	pictures	some	took	ya
an	awesome	bro	brother	cat	died	few	greatest	have	hear	memory	roy	stevens	thats	think	those	though	tie	whenever	who
always	bless	dad	god	him
50	60	are	best	if	live	most	not	one	rubbish	these	times
nostalgia
fantastic	grandparents	listening
girl	listened	little	lot	loved	thanks
after	album	boyfriend	first	loosing	out	such	voice	wore
ago	an	asked	be	because	couldn	decades	developed	did	different	done	had	have	he	him	if	impossible	interview	learned	like	never	nobody	person	probably	roy	said	sang	someone	something	style	tell	told	why	would	young
1988	able	after	away	been	came	could	drop	enough	every	father	few	front	growing	has	have	he	hear	heard	him	his	lucky	mum	not	november	passed	pin	play	row	roy	said	sang	seats	see	she	since	such	thank	times	uk	unfortunatley	up	weeks	went
able	again	be	done	fantastic	hear	like	live	lot	many	past	quality	revisit	singers	superb	thanks	these	through	took	treasure	video	well	what	youtube
able	also	anyone	artist	be	by	can	charts	country	crossed	grows	happened	how	impeccable	never	not	over	perfection	pop	pure	record	shot	sung	technically	unforgettable	up	well	which	who
ago	country	many	oldies	takes	these
grannys	party
40	50	60	about	anything	kid	loved	nc	never	raleigh	thought	top	what
45s	always	be	bursting	country	day	don	favorite	gave	girl	grandmom	happy	have	heart	hello	home	honey	house	just	little	one	over	playing	said	she	take	them	until	why	will
can	country	first	girl	hearing	little
end	never	they	thought	yes
1985	country	doing	during	favorite	help	kid	one	please	sing	soulful	sweet
ago	holiday	lovely	parents	times
lots	navy	today	words
child	thank
grew	hall	like	loved	party	rock	roll	teenager	then	town	up
1950s	1960s	during	grand	growing	listening	ole	opry	up
60	70	entertainment	forward	late	least	lip	live	look	not	our	singing	started	these	weekends	were
remembering	were	young
girlfriends	jukebox	just	radio	thank	wow
very	young
such
away	oh	ya	yes	young
mama	over	sing	used
1979	an	asked	bar	barbados	barmaid	bought	by	coffee	day	dec	disc	europe	first	hank	have	he	heard	here	his	label	middle	name	next	postings	rare	singin	store	thanks	unknown	very	who
ago	brought	country	kind	long	very
ever	hank	have	him	locklin	loved	since	thank
an	chair	clack	clipy	daddy	go	he	rocking	sing	sleep	use	would
first	getting	hear	heard	just	much	thank	unbelievable	younger
being	country	fed	figure	force	go	kid
few	takes
dad	mom	omg
eyes	gives	gold	grew	recall	tears	those
57	am	an	be	child	country	hood	into	not	really	remind	weeks	will	yes
come	eyes	know	makes	your
again	are	calling	child	country	find	grandparents	hate	hillbilly	like	myself	no	or	other	parents	played	reason	rock	singing	than	they	whatever	wish
artists	black	do	much	night	our	saturday	sharing	sure	thank	these	tv	very
are	around	dad	delivered	heads	lovely	message	minutes	only	our	play	records	ring	singer	these	thumbs	unbelievable	up	used	voice	well
am	bed	child	dad	dancing	even	feel	him	his	imagine	place	sick	sing	some	would
dad	dancing	don	like	lt	many	mom	play	sad	stories	such	they	today
55	am	dancing	has	mother	only	parents	passed	posting	thank	watching	wedding
reminiscing
10	70	ago	august	away	learned	memory	mom	passed	roller	skate	thank
lovely	such
dad	everyday	family	happiness	teen
62	ago	always	dad	him	married	much	mum	passed	very
dad	day	drinks	family	few	friends	get	have	loved	mum	these	times	togethers	who	would
dance	definitely	school
about	ago	always	by	club	engelbert	last	listening	night	remind	waltz
always	grandma	grandpa	have	kind	makes	ol	these
dad	happy	his	loved	mum	playing	radiogram	records
bad	lot	some
dance	end	forever	last	lingers	listen	mind	must	nice	should	until	waltz
grandparents	how	listen	lyrics	much	play	seven	strange	they	understand	used
are	dancing	do	grandparents	hope	sweet	they
charge	church	got	liked	much	out	person	play	played	wedding	went
70	around	aunts	dance	end	floor	late	man	mid	older	receptions	twirling	uncles	wedding
bring	engelbert	humperdinck	thank
1968	dance	gramophone	griffiths	has	instructions	mrs	our	played	primary	school	shouting	student	taking	teacher	us	waltz	would
already	always	because	best	can	dad	dance	danced	daughter	during	even	first	gone	hand	hands	happened	he	heart	high	him	his	hold	how	hug	junior	last	lend	much	night	our	papa	played	remained	saying	school	senior	thing	tight
70	boyfriend	sentimental	theme	very	yahooo
1960s	always	bus	fairground	girl	go	happiest	happy	innocence	largs	life	little	loved	mum	pal	playing	remind	such	trip	used	went	will
60	late
ex	girlfriend
remembering
always	bedroom	below	kitchen	life	mother	playing	radio	sun	sunset	sweet	takes	then	up
day	friend
1970	british	club	happy	legion	loved	people	tranent
danced	diamond	forever	last	parents	such	their	wedding	weekend	will
danced	exact	record
ago	dad	died	he	hear	him	much	play	used	very
nostalgic
2016	always	before	daughter	died	happy	mant	our	wonderful
ever	marvelous	tastefully	were	what	young
amazing	era	fell	grow	just	listening	lucky	memory	thanks	these	up	where	wonderful
anymore	blast	don	house	just	like	little	make	our	past	playing	them	they	very
15	20	am	far	favorite	until
11	15	2009	dancing	feb	jensen	june	living	mom	our	remembering	room
2019	always	anyone	dad	remembered	sing
also	blasting	child	elvis	frank	full	gospel	grandma	grew	house	jones	mother	our	passion	presley	sinatra	tom	up
about	ago	another	because	dad	find	girlfriend	guy	him	his	kid	left	long	one	sad	then	who
funny	girl	kid	only	she	singing	thought	young	yrs
everytime	granddad	his	voice
every	has	mother	played	sunday	what	wonderful
1977	always	kid	like	really	reminding
always	be	because	careful	daddy	favorite	hear	if
1968	engelbert	glad	grew	high	loved	real	released	school	up
coming	daddy	father	hang	he	home	loves	much	next	omg	philippines	there	year
20	am	child	grandfather	grandpa	heard	heaven	him
feel	had	listened	make	missed	never	people	place	rewind	something	tried	where	who	wish
2019	are	flashback	gone	july	only	remains	uncles
always	bottom	cause	creator	every	everything	father	granddaughter	happy	heart	here	him	know	law	our	papa	re	right	thanks	will
each	every	many
album	engelbert	humperdinck	list	play
after	are	can	closing	eyes	forever	have	help	just	lost	nothing	play	relive	remove	them	these	those	us	while	yesterday	your
2018	like	pops	someone
if	one	own	self	stirs	written
am	better	can	day	did	fantastic	go	heart	make	or	person	place	radio	relive	sounds	special	then	way	your
be	bring	lonely	partner	please	sin	someone	sweet	voice
1975	take	what
again	amazing	blast	buried	come	deep	growing	haven	heard	like	mid	mind	past	power	real	seventies	something	suddenly	surface	takes	transport	up	wow	your
amazing	child	damn	every	everything	feel	felt	gave	happy	have	how	its	like	makes	ok	out	parents	reminding	secure	sharing	should	such	thanks	then	what	world	wow	young
right	thats	there
about	age	be	down	fantastic	how	lane	memory	never	omg	replaced	take	talk	trip
almost	am	happy	lovely	posting	such	teary	thanks
70	band	by	catchy	favorite	magic	right	takes	think	though	track	tune
ago	brothers	long	sisters	thanks	uploading
classic	don	just	like	make	nowadays	pilot	takes	thanks	younger
again	be	by	dream	few	gone	happier	look	moments	there	these	times
bringing	by	can	comparison	day	feel	fore	kids	knew	looks	mattered	modern	more	musical	never	nostalgic	offerings	pale	real	realize	than	thank	themselves	they	today	youtube
again	closing	evokes	front	future	just	life	spend	those	twenty	wonderful
50s	again	mid	suddenly	teenager
25	attendance	attractive	away	called	dairy	disco	doing	drive	driver	drivers	enjoyed	equipment	especially	fork	had	has	help	him	his	how	john	ladies	lift	london	lot	lovely	mobile	one	other	pack	parties	ran	set	sloop	stay	take	these	truck	turn	up	used	various	very	will	worked	young
ever	first	many	record	thanks
70s	child	drop	emotional	makes	middle	pilot	simpler
could	go	those	wish
am	brought	glad	pleasure	southam	thanks
birthday	buying	first	many	record	sister
ago	am	did	thanks	then	those	uploading	very	young
part	pilot	thanks	these
tune
always	aunt	ever	grace	hear	remind
amazing	clich	concerned	full	no	where
12	also	an	by	can	caught	different	don	early	even	eye	get	girl	had	incurable	issue	know	later	look	loved	months	more	motown	play	realize	rock	romantic	then	think	though	undergraduate	who	why	woman	young
14	21	30	ago	another	anyone	cheated	dad	dated	else	ever	has	he	his	if	let	man	married	marry	mary	mother	name	naver	not	or	passed	she	thornwell	wait
20s	62	am	captivating	could	dad	do	god	he	hi	his	holgmany	house	just	karaoke	like	mid	mum	new	parties	rest	sang	soul	used	wish
59	aged	an	around	australia	belfast	both	child	died	drinking	incurable	just	left	missed	mother	murray	romantic	ruby	sadly	same	she	sing	smoking	soon	sydney	too	used	world
ago	bless	brother	heartthrob	innocent	life	more	much	older	ruby	she	simpler	those
20	another	are	barrack	bond	favorite	fellows	have	heard	him	his	listen	nights	one	out	played	room	said	should	stay	sunday	ted	there	they	tooting	top	used	version
ago	an	dad	fast	go	gram	his	magical	masters	moments	mum	putting	radio	voice
13	died	favorite	mums
76	fan	keen	mad	some	sure	wow
like	listen	looked	loved	mom	sing	sounded	young
58	along	basco	been	beginning	brother	fellow	ginnie	ginny	going	grade	graduated	happy	has	havu	his	knew	like	maddox	much	name	nickname	older	once	other	sang	skip	skipper	some	spelt	students	teenage	their	then	together	very	young
be	brewer	cleaning	don	growing	hearing	house	just	like	mom	really	she	sing	sounded	teresa	up	use	voice	would
father	page
bought	first	im	off	out	reach	record	those	where
how	last	like	made	many	playing	them	these	todays	will	youth
after	am	big	brewer	fan	father	he	kinda	lady	loved	much	named	partial	sharing	teresa	thanks	voice
after	amazing	are	billy	can	darling	do	hear	heaven	jillian	least	log	most	place	playing	singer	thank	us	voice	were	whole	wish	wonderful	world	your	youtube
billy	eckstine	feel	full	hearing	melancholy	nostalgic	sing	voice	warm	what
after	billy	cardiff	concert	eckstine	met	see	sixty	together	uk	went	wife
are	gem	made	posting	share	superb	thank
takes	teen
1950s	alive	be	beach	best	bet	billy	boy	early	eckstein	golden	had	he	him	if	island	lido	live	long	only	parents	room	see	sounded	sounds	standing	then	took	tour	very	voice	were	young
50s	bye	club	impersonate	kyrill	morgan	mr	trinant	use
50s	family	lovely	nostalgic	sing	singer	some	takes	these	used	very
along	boone	came	can	clearly	danial	door	ed	first	green	hear	hilarious	oddly	radio	voice
1962	ames	boone	born	character	connect	dad	daniel	didn	ed	later	mingo	much	niece	playing	quite	series	she	sing	until	well	would
1989	around	born	dance	daughter	don	first	hold	house	how	know	memory	months	precious	sing	stumbled	sweet	used	wonderful
almost	ames	carson	ed	hilarious	his	johnny	lost	manhood	show
always	being	generations	grandparents	head	loved	passed	play	since	stuck	through	would
born	child	clever	grandfather	lyrics	sang	voices
actually	baby	chorus	dad	daughter	ever	first	haha	heard	just	sharing	she	sing	step	thank	used	ve	video	whole
55	born	first	literally	memory	one
2015	been	brain	comes	down	embedded	fifty	filtered	flooding	granddaughter	grandsons	had	has	have	into	later	little	nine	only	or	parts	since	subconscious	three	ve	wonderful	yes
above	adore	baby	beloved	daddy	father	he	heaven	high	kisses	listen	listens	not	our	thousand	times	used	who
happier	reminder	sincere	times
50	60	again	computer	did	ever	experience	have	no	one	play	sit	then	today	well	what
could	covey	did	emotion	female	fifties	lyrics	singers	sixties	such	sweet	they	today	voice	wish
born	entirety	hear	its	lullaby	mum	sang	wonderful
dad	day	every	just	much	mum	who
17	another	army	be	bitter	exact	first	home	join	just	left	memory	morning	out	playing	radio	really	record	story	sweet	turned
always	away	boy	came	children	ever	fortunately	going	goodbye	had	haven	he	heard	jimmy	kid	later	married	named	never	older	out	passed	raised	sang	say	sharing	since	sister	started	steady	thanks	they	two	until	were
23	age	brother	crying	died	hearts	him	his	jimmy	name	never	stopped	want
always	an	been	billy	boy	brother	far	felt	got	had	happier	he	heard	his	jimmy	little	long	lullaby	mother	much	nickname	nicknamed	nonetheless	one	sad	sang	sharing	since	such	thanks	too	tyke	upbeat	while
been	brought	danced	eyes	girls	god	have	hurts	listening	many	million	not	tears	terribly	thanks	them	thinking	tune	uploading
94	after	ago	bless	by	can	dry	fifty	going	hand	have	heard	look	mangle	mum	not	putting	see	seven	she	since	strong	there	through	us	year
because	child	cry	funny	made	played	she	sister	thought
cry	girl	just	little	older	play	see	sister	used
again	could	friend	had	july	left	over	see	she	wish
10	again	been	could	died	even	get	gone	have	he	him	jimmy	life	may	over	see	though	try	well	wish
13	again	been	enjoy	had	lovely	much	posting	thank	very
lovely	usa
shows	tv	voice	watch
1950s	dickie	lovely	remembered	singer	valentine
50s	again	listening	nostalgia	singer	times
an	are	consider	corn	crooner	dickie	earned	entertainer	favorite	guy	like	lovely	make	microphones	missed	near	no	period	rip	sadly	silk	singer	their	they	today	voice	were	what	where	words
germany	happy	munster
absolutely	be	ernie	feel	ford	forgotten	hear	lovely	makes	never	past	should	voice	whenever
brilliant
crazy	like	mother	play	post	she	such	thanks	used
1954	55	army	every	germany	hdqrs	hit	luxembourg	most	night	played	radio	seventh	stuttgart	uk	us	while
happy	younger
always	believe	can	crying	dad	gone	he	life	long	loved	man	mom	oh	posting	sang	singing	thanks
always	am	broken	copy	favorite	fifties	found	got	have	here	mine	put	thanks	way	who	youtube
age	high	school	wonderful
dad	every	morning	parents	played	saturday
every	hear	kind	listen	mom	morning	much	she	sunday	used
16	1963	youth	yrs
are	bring	could	don	know	missing	must	people	sing	these	they	what	wish
clasmate	danilo	first	heard
10	50	60	brenda	dear	early	emotions	hearing	late	like	records	such	thank	turn	voice	wonderful	year
1963	boat	by	bye	decades	first	have	heard	holds	missed	numerous	strong	way
could	during	how	listen	lovely	many	meaningful	see	them	turn	wish
end	nostalgia	world
12	1963	brenda	lee	such	very	voice	well
beautifully	bring	classical	hauntingly	these	what
every	hearing	melody	sends	tune
10	11	booming	by	first	foley	gal	introduction	not	or	red	she	such	sure	tv	voice	what	year	young
flies	how	oh	only	wow
anything	be	being	by	currently	enriched	era	exchange	fact	forwards	garbage	goes	going	issues	kids	lives	matter	no	not	played	teen	terrific	their	tune	wise	would
1963	high	sad	school	senior
13	1963	explosion	happening
brenda	davis	didn	exposed	grew	had	know	listening	skeeter	soul	until	up	version
brenda	crush	first	lee	lol	older	she	than	two
10	again	big	bless	chart	found	god	later	only	out	played	sad	sister	sisters	some	take	why
artist	brilliant	everlasting	greetings	ireland	youth
again	davis	do	first	hard	heard	skeerter
2006	broke	down	left	played	radio	she	sixties
being	day	ends	every	guess	human	knowing	listen	literally	little	lots	meant	nostalgia	not	reasons	someone	suppose	toddler	used	what	world
away	because	cancer	early	growing	have	lord	loved	much	passed	sister	took	up	were	young
many	much	thank	video
bring	like	listening	radio	thankful	wonderful	youtube
50	after	ago	clock	could	drifted	gail	if	listening	much	only	turn
film	grow	hit	knowing	make	never	passed	sad	stars	them	they	those	up
2019	70	am	been	better	bringing	have	listening	lived	radio	really	seirus	station	what	which	why	world
2019	60s	70s	listening	november	really	remembering	take	these
another	don	dreams	has	kind	know	magical	mesmerizes	nostalgias	some	soul	spell	takes	word
are	fav	just	late	lonely	she	sister	these	us	used
dad	singing
16	1963	cry	makes	youth
adore	nostalgic
1963	63	also	an	bad	basketball	big	brenda	champs	dear	devistating	died	ever	every	friend	girl	got	graduation	grandfather	high	junior	kennedy	lost	never	night	part	president	school	second	senior	she	shoot	since	singer	small	state	very	well	where	year
been	every	have	just	knew	may	sang	sleep	understood	word
am	enough	liked	meaning	thank	understand	young
across	always	be	best	cement	child	hardened	has	heard	just	long	really	since	stumbled	takes	ve	version	will	world
1963	50	barber	came	can	cents	dad	during	go	haircut	home	like	lunch	morning	no	paid	saturday	shop	sitting	snowy	sounds	there	tip	waiting	went	winter
dedicated	first	heard	tara	young
lovely	nostalgia	pictures	sad	sweet
60	come	early	omg	please
11	2014	car	grandfather	he	heaven	him	our	play	way	would
56	during	much
always	brother	elder	fantastic	listen	play	popular	then
challenges	child	life	play	real	teenage
1992	2015	55	71	age	dad	day	died	every	loved	mum	parents	they
13
always	cruise	dad	dances	did	everything	generation	goes	head	hear	living	mom	moms	passed	then	they	were
after	away	first	grade	hope	kind	life	maggie	man	moved	oh	shortly	th
are	best	came	car	had	hear	im	like	oldies	only	others	station	these	would
bring
60s	70s	80s	are	bodies	bouncers	dances	didn	don	drugs	each	favourite	girl	gone	have	hear	high	just	know	long	missing	money	mutilate	night	no	or	other	our	ourselves	park	parties	refreshing	respected	rock	school	spend	summer	tattoos	tenderness	there	they	today	were	wonderful	your	youth
came	did	feel	got	never	ooh	pain	reminded	same	school	sweet	those	who
away	best	both	boyfriend	first	friend	him	kept	over	playing	shame	stole	them
woman
boarding	by	came	children	choice	comes	day	don	due	felt	grandchildren	have	hear	heard	hoping	just	like	looking	mind	money	mother	never	nor	not	or	out	school	sharing	she	thirteen	windows
bring	can	go	never	sure
being	by	dumped	emotions	first	full	girlfriend	loss
40	first	hit	top	very
evokes	happy	many	thanks
those	yes
13	1960	age	already	appreciate	artists	connie	francis	knew	many	others	parents	sing	taught	us	used
ago	boy	high	long	school	what	young
an	changed	during	every	glad	gorgeous	had	handsome	history	human	humanity	knew	men	most	movies	must	people	say	there	well	were	wise	women	word
away	best	heart	lonely	medicine	oldies	ones	parents	passed	who
marvelous	moments	much	nice	thank	these
happened	memory	voice	what	wow
better	bless	brenda	child	god	happy	lee	life	make	marvelous	may	singer	thanks	those
again	are	best	favorite	feel	makes	million	thanks	them	those	today	young
heart	nostalgic	sounds	voice
before	believe	came	can	forgive	have	heard	instantly	loved	missed	never	radio	these	today
missed	young
ago	always	boy	come	father	find	he	here	just	little	not	really	some
2018	even	marvelous	moments	thanks	these	what
2018	again	dear	like	listen	passed	remembering	sironaca	thanks
about	forgot	memory
cared	listen	only	she	singer	teenager
bringing	happy	they	were	wonderful
67	always	am	heard	loved	mean	much	older	they	young
17	1962	56	ago	along	friends	going	here	korea	lyrics	memorize	over	popular	sing	singing	speakers	through	town
12	1963	after	anything	brenda	buy	case	cent	couldn	earnings	earplug	else	every	everyday	fair	got	greater	gulf	japanese	just	lee	little	meet	minute	mobile	night	one	performed	played	radio	records	single	sleep	state	stayed	think	transistor	went
1963	dates	doze	early	get	had	have	hope	listening	lovely	off	out	really	right	school	snow	snowy	south	upper	us	used	very	winter
bring	catchy	nice	simpler	them	times	tune
awesome
14	15	around	contest	danced	dancers	early	most	part	party	philippines	really	romantic	sister	think
by	passed	same	stays
always	are	everyone	made	these
70	benson	reason	robbie	some	tune
brought	sears	some	thanks	wow
how	oh	simple	them	times
about	could	like	not	social	worry	your
age	because	dad	didn	english	even	first	know	learned	like	oh	play	though	used
70	does	during	early	flood	germany	mind	stationed	usaf	wow
brought	child	commercial	sweet	tv
an	ex	rides	sunday
again	although	cupcakes	day	didn	film	has	hear	hot	like	long	mellowed	nostalgia	other	really	saw	soundtrack	summers	teenager	used	wanted
another	classic
40	ago	brought	like	over	really	sears	some	well	which	words	yesterday
by	evokes	gone	makes	timeless
are	be	can	come	day	distant	gone	have	hearing	hope	however	karen	lives	long	lost	loved	never	new	ones	our	past	she	some	then	there	they	think	through	totally	us	while	will
ago	another	can	chinese	day	deeply	english	first	forget	heard	listening	memory	nearly	never	one	say	small	teenager	town	twenty	two
1970	70	am	an	backyard	being	have	kind	mom	outside	own	patio	playing	radio	sitting	softly	stations	sun	wonder	young
band	like	round	someone	sound	then	there	times	what	wish
70s	awesome	being	cant	go	him	kid	knock	loved	times
every	father	heard	morning	mother	sung	those	up	while	young
albums	friends	listening	precious	teen
about	kid	little	makes	times
oldies	past	tears	times
group	holds	loved	up	wonderful
aunts	dance	house	livingroom	play	really	record	stereo	would
16	came	incredible	out	wow
1976	certainly	dances	did	find	hard	heart	just	makes	many	memorable	most	one	out	records	smile	stand	tracks	year
lady	special	takes	way
70	definitely
1977	fell	first	grade	graduation	high	john	jr	loved	real	school	summer	then	year
19	australia	by	camping	cassette	deck	fishing	get	gets	glimpses	life	lonely	north	nostalgia	older	or	out	passes	past	playing	quickly	remote	sometimes	though	through	twin	western	year
76	be	conversation	dance	drink	fantastic	has	hold	intro	loved	mobile	not	people	phone	really	right	seen	summer	takes	those	what
college	dream	got	graduated	had	ibm	job	just	what
marvellous	miracles
chester	heart	pa	sweet
70s	box	bring	cd	damn	danced	day	every	have	kid	like	listened	not	room	times	used	world	worry
get	hearing	homesick	oldies	those
40	an	angel	comparing	girl	had	idea	like	listened	long	loved	many	merry	much	nice	not	one	really	those	times	very	year
14	45	did	disc	don	every	get	got	home	how	many	played	player	record	rpm	save	times
many
listening	many
dad	driving	first	grade	man	playing	riding	school	son	way
28	am	beach	being	by	car	day	fell	felt	grandma	heard	just	listening	memory	or	she	summer	sunny	thats	were
12	1976	70	aged	belts	best	disco	ever	funfair	holiday	minehead	nearly	no	off	one	records	spinning	summer	thrown
artists	group	many
18	1976	be	just	listen	taken	want	whenever
actually	dancing	fun	not	soul	takes	there	train	watching
15	70	actually	air	an	behind	best	blue	brand	called	crowd	eagle	entire	ever	fighter	flight	flying	had	have	he	heard	his	introduced	jet	large	life	little	man	new	one	only	out	perform	pilot	plane	played	routine	saw	show	speakers	strike	then	there	through	very	went	who
10	47	its	like	then	wow
bbc	chicago	dancing	disco
because	generation	hear	make	new	nostalgia	really	thank	want
2019	dec	greetings	listening	mabuhay	northern	part	philippines	reminiscing
20	am	before	extreme	have	karen	listening	longing	nostalgia	period	reason	rip	some	way
across	bring	times
after	beat	beautifully	cancer	carpenter	close	cry	did	doing	each	favorite	forever	friend	had	haven	hear	heard	hope	identical	if	joy	karaoke	karen	last	life	liked	lost	made	not	or	remind	said	she	sing	singing	swear	talked	touch	voice	were	will
by	changed	gone	had	has	how	looking	makes	much	rather	sad	seems	times	today
best	ever	memory
awesome	listen	material	nostalgic	sweet	tune	very
am	boy	chinese	country	freedom	grandma	listen	mcdonald	missed	people	want	world
again	be	kid	makes	want
lovely	takes
about	always	am	be	carefree	cry	every	forever	how	its	kept	life	listen	makes	only	places	remain	reminded	right	things	those	were	will
70	better	funner	had	less	simpler	tech	times	world
2019	come
young
car	carpenters	hear	loved	mom	riding	singing	their	these	tunes
about	everything	jeez	parents
70s	early	growing	times	up
07	1977	2019	august	carpenters	exactly	husband	many	met	nice	radio	today	were	wonderful
57	being	by	fast	how	just	looking	makes	passed	sad	teenager	think	times
19	ago	cassette	cassettes	change	collection	growing	keeps	mom	more	no	nostalgia	only	playing	tape	through	times
50	ago	cry	license
2016	22nd	daughter	happy	july	passed	remembering	takes	who
2019	dated	girl	impossible	june	lane	listening	lot	memory	owed	taught	today	who
mom	nostalgic	sing	used
2019	dubai	full	june	played	times	unforgettable
by	cried	did	elementary	feeling	first	flies	getting	listened	lyrics	not	quite	school	stronger	understand
am	cause	crying	dad	listen
15	am	brought	eyes	friend	have	listen	really	reminded	sang	school	since	tears	today
anymore	anything	are	because	before	can	changed	do	fast	fix	have	innocent	like	makes	not	oh	or	past	people	person	re	relive	sad	tears	there	things
50	60	70	after	alive	be	comment	common	doing	everything	eye	find	gives	gonna	goosebumps	got	ha	heard	if	internet	isn	leave	ll	maybe	nostalgic	or	since	sometimes	teary	those	where
2018	august	been	cry	every	first	have	hear	heard	la	listening	many	nonstop	sha	shines	since	woah	wonderful
boy	drum	how	lyrics	oh	perfection	played	sweet	those	voice
age	am	around	died	flash	grandma	missed	she
bring	do	floods	girl	happy	head	hear	hearing	just	little	lot	no	off	out	played	playing	radio	recently	where
2019	come	favorite	growing	here	june	nostalgia	up
absolutely	after	bad	because	blow	feel	grammartical	habit	heard	just	like	listen	make	many	melody	mistakes	relaxed	school	secondary	send	since	some	steam	student	such	voice	want
18	although	car	do	english	even	first	kindergarten	know	learned	means	mum	not	sing	times	what	year
east	kenya	teenager
1973	angel	away	carpenter	have	karen	may	mother	passed	rip	takes	voice
50	60	70	73	80	about	although	angel	big	called	contemporaries	course	day	every	friends	glad	graduated	have	hs	just	knew	loved	oldies	sisters	teen	thanks	these	well	words
16	am	compare	fast	flies	hear	times
am	kindergarten	made	past	play	teacher
always
12	am	boy	bring	can	changed	first	has	heard	high	junior	just	many	much	school	smiles	tears	teenage	times
14	am	died	feel	grandmother	heard	little	makes	nostalgic	really	remembered	sad	singing	which
along	bring	cry	grow	just	listen	listening	see	she	sing
favorite	finally	find	tons
had	how	just	loved	mp3	much	player	remembered	since	then
beside	go	hear	longing	radio	very
1973	am	be	feel	forever	greatest	hit	like	september	will
always	everytime	kid	kind	like	listen	musics	parents	play	traveling
clearly	comeback	favorite	noise	omg	radio
am	amazing	been	every	feel	have	like	listen	listening	made	night	since	sleep
brought	cassette	classic	kid	listen	much	used
1970s	early	elementary	school	takes
be	can	cried	day	every	forever	getting	healthy	just	loved	older	one	people	realized	return	sell	stay	them	ticket	want	way	were	who
2019	bring	hahaha	nice
40	away	before	behind	beloved	friends	have	leaving	listen	many	memory	nearer	passed	past	unforgettable	which	while
young
1970s	40	able	ago	already	band	be	break	broadcasted	can	carmen	castes	china	classic	conservative	could	country	enough	faction	firm	heard	here	image	iron	memory	not	player	poor	rules	sing	streets	strong	there	these	were
ago	an	be	could	cry	karen	lost	makes	painful	really	sadly	these	today	way	wish	world	yesterday
baby	carpenters	damn	every	hit	lol	loud	lullaby	mum	out	sang	tape	times	yes
favorite	one	those	top
anymore	here	not	some	them
1973	again	along	always	be	came	canadian	carole	dating	experienced	flautist	free	french	lives	more	never	once	others	place	radio	responsibilities	she	student	thats	through	transports	where	will	yesterday
30	ago	am	boy	long	mind	primary	romantic	school
deceased	nostalgia	sentimentality
best	kid	memory
much	them	young
12	about	begin	girls	hear	just	myself	romantic	romanticism	said	thank
behind	carpenters	couldn	dad	introduced	karen	left	putting	repeat	sad	stay	thank
car	listen	used
1974	album	always	are	around	be	bringing	brothers	cathy	every	fell	floor	had	house	karens	listening	living	masterpiece	neighbor	none	over	player	pop	record	room	sat	second	she	singles	voice	will
40	about	ago	away	brother	children	hearing	him	listening	loved	passed	some	were	who	younger
first	forget	grade	heard	life	never	sixth	will
die	hard	youth
bring	happiest	memory
come	every	grew	heart	nice	those	touches	up
more	once	yesterday
be	could	decency	meaning	more	once	wish	yesterday
also	always	bad	can	come	just	listen	not	sleep
cry	happy	made	those	times
go	once	only	want
1973	45	after	along	cargo	coast	communication	composition	destination	did	first	headed	heard	melbourne	mesmerized	purchased	radio	reaching	receiver	record	rpm	sailing	ship	singing	some	station	store	style	suddenly	thing	unknown	way	what	wonderful
70s	fresh	give	had	missed	much	sadly	sounds	today
afternoon	always	cassette	mom	play	sunday	vibes
10	almost	been	everytime	first	its	just	kid	listened	piece	since
certainly	cried	elementary	english	favorite	grade	just	listen	not	radio	school	sure	waiting	young
away	gone	just	like	listen	melted	more	once	re	they	those	yesterday
1956	about	am	attention	be	been	big	can	century	coming	desoto	everytime	face	father	first	grabbed	had	half	has	hear	heard	honestly	how	karen	later	left	liked	nearly	never	or	rich	riding	say	seat	smile	soon	thank	there	too	truly	us	voice	wonderful	yours
80s	every	had	happiest	hear	sad
bringing	favorite	happy	karen	lots	most	much	one	singing	such	thanks	wonderful
familiar	lyrics	rhythm	take
best	clearly	come
actually	family	friends
1973	almost	beach	being	every	first	fl	ft	go	hear	more	once	played	spent	two	vacation	voice	weeks	yesterday
after	are	best	come	cry	even	friend	happy	just	long	lost	make	never	once	really	show	they	those	times	up	where	will	yesterday
best	fond	golden	those	top	very
again	also	are	be	bringing	can	cousins	didnt	doing	down	drive	emotions	fill	get	go	gone	had	hey	innocence	karen	kids	lane	life	memory	not	nuts	or	real	record	records	rip	sad	seems	soon	spin	these	trip	up	used	voice	weekends	what
are	changed	had	have	heart	if	life	line	lyrics	makes	much	rather	really	reversed	sad	seem	strike	there	those	today	want	which	wish	words
again	believed	brought	check	cover	day	feel	free	has	have	lot	many	means	nice	ones	out	page	please	school	singing	slow	thanks
cry	forever	make	remind	young
mom	really	sing	used
1973	date	first	lingers	singing
bring	gone	grew	just	many	one	shame	she	them	these	those	types	up	voice
70s	growing	kid	up
1960	2018	40th	bkk	born	day	europe	friend	have	know	life	listen	missed	most	much	never	really	such	them	till	up	use	very	will
20	again	can	close	could	ever	every	express	eyes	hear	last	listen	long	meet	missed	mom	more	singing	single	than	these	till	ve	words
always	bring
kid	mum	play	takes	use
1976	6th	class	during	glasgow	grade	hansen	many	montana	played	teacher	thanks	their	year
album	christmas	favorites	grew	listening	one	their	up	voice
best	clearly	come
bringing	finally	found	hear	let	parents	part	radio	thank
always	by	has	heaven	introduced	listening	mother	our	thank
feeling	nostalgic	school
2018	amazing	best	clearly	come	listening	memory	more	natural	once	talent	very	voice	what	who	wow	yesterday
1970	beneath	carpenters	earpiece	guam	june	landing	landscape	late	memory	nice	playing	radio	unfolded	were
around	being	child	dad	fabulous	how	mum	oh	seaside	trips
away	come	or	please	take	them
age	anymore	because	crazy	did	do	laugh	listened	makes	not	recall	things	those	young
cry	listened	loved	made	missed	strongly	those	understand
10	15	60s	about	an	being	came	could	earlier	early	first	funny	how	listening	longed	look	out	relate	reminiscing	she	teenager	younger
both	early	happy	left	sad	too	us	your
40th	already	get	more	once	very	wish	yesterday
album	car	could	finally	found	grandpa	japan	listened	many	oh	only	shalalala
afternoon	every	middle	school	times
can	every	had	into	just	listen	making	myself	night	stop	tears
30	about	after	again	best	competition	during	emotions	ever	finding	forgot	growing	like	lived	memorized	one	past	singers	singing	tears	up	yesterday
early	flashing	hear	keep	mind	seventies	whenever	wow
actually	against	always	are	chinese	countries	different	doesn	each	english	fight	happy	humanity	kid	listen	loves	many	mom	other	played	said	see	she	something	there	till	together	ugly	understand	us	which
by	changed	gone	had	has	how	looking	makes	much	rather	sad	seem	times	today
cant	father	first	found	gradually	help	just	kid	listen	lyrics	many	passed	room	stop	tape	tears	understand
among	an	bought	brand	buy	can	cheap	cool	country	current	display	easter	egg	enough	even	feature	first	gather	go	had	higher	included	inside	lacks	listen	lyrics	managed	money	mp3	ones	play	player	sadly	something	sorts	struggling	teenager	today	usb	very	which
by	did	expect	gives	goes	he	if	just	listener	not	passed	past	quickly	recalling	serenity	silence	yesterday
am	appreciate	can	due	eighteen	eleven	family	first	happy	how	just	knew	listened	lyrics	melody	nice	only	or	pain	resonate	strongly	struggling	studies	ten	then	those	times	voice
alive	am	felt	had	life	stell	then
ballroom	best	capital	dancing	disco	dj	edwards	friday	greg	jesus	london	lyceum	night	radios	town
lots
brother	busting	everyone	flick	friends	handball	high	home	neighborhood	playing	saturday	shaw	tail	until	watch
birmingham	blades	silver	sundays
14	15	bar	barman	came	feed	jukebox	keep	knew	loved	much	never	only	or	out	over	playing	pop	she	uk
2019	absolutely	always	be	dad	day	forever	july	life	little	much	playing	rip	will
band	bringing	darlington	done	england	fabulous	lovely	shirley	thank	well	what
1963	1965	1979	57	age	am	are	climb	comes	did	do	feel	go	hear	into	listening	little	machine	many	moves	not	people	respects	see	stuff	there	today	very	want	way	what
60s	again	amazing	are	before	born	came	can	captial	every	gold	grow	harmonys	just	listen	mum	out	over	sunday	their	up
1966	45	again	among	are	best	bought	certainly	day	exciting	faces	full	genuine	get	harmonies	hollies	its	never	over	perfect	perform	played	player	pleasure	record	rousing	singers	smiles	soaring	teenage	them	thirteen	tired	very	watch	wonderful
because	bobby	by	can	drumming	drums	elliott	heard	hollies	immediately	little	much	never	oh	older	or	over	perfect	playing	records	say	singing	sisters	struck	teenager	too	tried	twenty	what	while	yes	young
carl	nostalgic	thank
10	bringing	brother	favorite	home	record	yardbirds
away	best	british	fast	had	high	invasion	school	slipped	some	too
about	against	beatles	beginnings	burn	did	doob	establishment	first	guard	guys	high	if	kids	listening	makes	most	not	revolt	school	singing	soldiers	sort	these	thing	too	were	what	youth
12	1966	are	cats	deserved	given	musically	never	only	rightly	their	then	these	they	way	were	yardbirds	year
timeless
favorite	first	husband	met	never	or	takes
after	albums	always	away	awesome	been	best	books	brother	elvis	ever	few	freaking	got	had	handsome	have	he	his	history	intrigued	just	library	made	man	millions	one	out	passed	presley	read	records	rest	then	there
air	before	lot	play	popular	senior	summer	year
child	compassionate	confessing	each	every	feelings	filled	flashbacks	get	italy	living	lovers	other	southern	street	there	where
dad	he	heaven	kid	loved	much	sung	used
am	car	dad	listening	remind	school	way
benson	brilliantly	george	glen	listen	many	pure	sang	singing	take
every	forever	happy	party	played	were	will	young
cassette	horrible	listened	quality	radio	recorded	recorder	teenager
80	are	best	remembered
about	always	be	born	can	gentle	have	innocent	no	or	pure	sexuality	sing	singer	there	those	times	today	way	who	why	wish
80	90	always	best	ever	such	youth
dance	during	first	has	lasted	lot	played	sister	their	these	wedding
1985	80s	find	into	looked	loved	released	swear	until
18	always	fast	goes	had	listen
17	1987	him	just	like	much	then
1988	backyard	best	dance	friend	learning	slow	summer
80s	experienced	had	hahaha	happy	makes	one	takes	wow
40	80	90	era	experience	glad	got	mid	much	sad	teenager
anyone	best	clock	could	else	get	happy	just	knowing	life	live	ll	messed	never	our	rest	thing	turn	up	wish
bring	build	can	machine	must	need	please	someone
ask	damn	dance	dances	high	jr	nerve	school	someone	takes	up
after	first	loving	many	met	mine	never	reconnected	stopped
80	change	feeling	gonna	its	nothing	same
1980	about	car	forget	happy	kill	lady	makes	never	she	think	together	were	will
actually	boys	call	date	girl	happy	have	how	jobs	life	like	living	longer	make	marriage	mattered	money	no	path	phone	place	romance	sad	seemed	taken	things	value	worth	would
classics	favorite	one	those	timeless
first	heard	him	met	most	today	up	what	wife	woman
brain	coming	life	youth
17	1987	awesome	hear	kids	lasted	raised	some	together	wedding	why	wonder
18	1988	again	fond	form	leaving	party	sixth	summer
80	are	best	boy	dancing	era	ever	girls	magic	one	parties	young
away	be	didn	family	felt	friends	heart	know	last	many	moved	or	past	some	then	together	were	would
close	cry	eyes	flashback	had	have	listening	most
12	beauty	forever	gave	girl	innocence	man	oh	puppy	recorded	released	serenity	stay	swore	tape	who	year
17	19	1987	30	50	almost	beach	brought	did	each	exactly	girlfriend	gives	have	how	incredible	lot	many	mind	nostalgia	other	passed	running	same	such	video	watching	who	wonderful	young
80	90	best	life	really
especially	makes	nostalgic	school
am	kind	thankful	very	younger
17	about	although	always	came	didn	ever	going	holiday	italy	know	loved	or	really	restaurant	since	tv	ve	what
heard	man	stomach	those	turned
again	these	were	wish
are	bits	chick	ever	get	gone	got	hats	live	never	phone	school	were	young	your
40	about	after	always	am	be	because	boy	brought	come	doe	eyed	fell	flies	future	he	him	his	innocent	knew	man	must	name	never	optimistic	school	seemed	tv	watch	would
18	30	80	after	again	ago	better	can	first	he	high	never	nothing	our	school	sing	singing	succeed	sweetheart	than	they	true	try	used
happy	holiday	listening	many	much	mum
first	girl	made	mix	tape
80	anymore	are	don	feel	fun	glen	him	his	like	making	no	nostalgic	oh	recently	singer	sweet	there	very	why
80s	build	go	machine	need
didn	grow	have	legendary	many	up	wish
80s	always	best	could	go	how	life	many	will	wish
80	brother	drive	lake	reservation	roads	sunrise	times	use
80s	90s	boy	changed	could	go	have	how	many	things	wish
14	1966	faces	fantastic	john	live	rip	scott	thank	version	voices
60s	absolutely	brilliant	brothers	came	escape	fire	handsome	into	luton	ritz	saw	teenager	them	they	up	very	walker	went	were	where	wife	young
teenager
50	best	take	thanks
best	life	please	take	times
60s	came	colors	down	fantastic	girl	hendricks	hippy	jees	jimmie	john	lady	loved	omg	place	same	screamed	see	shouted	them	they	uk	wearing	went	were	who
could	go	know	what	wish
14	an	being	faithfully	go	him	marry	not	option	ready	scott	steady	thanks	totally	unfortunately	walker	wanted	watched	wonderful
again	almost	be	listen	many	never	painful	period	will
13	be	calypso	dances	doing	girls	going	has	hit	line	long	man	passionate	romantic	school	singing	there	voice	what	would	year
child	feel	nostalgic	thank	very
60	england	every	go	loved	minute	ready	steady	teen	theicewitch54	watched	while	wonderful
brilliant	favorite	its	listening	little	mom	mums	voice
60s	bought	brilliant	concert	denisex	distant	during	going	hemel	hempstead	hit	life	live	performed	pop	sharing	summer	thanks	their	top	volume	warm
best	grew	happy	one	up
60	along	being	bliss	mums	radio	right	she	sheer	side	sing	takes	were	would
1966	certainly	changed	got	hair	have	hey	high	kicked	long	out	school	wearing
happy	many
2019	60	are	awesome	bands	best	brothers	else	endless	energies	era	etched	experiences	gary	gone	hearts	high	john	matters	most	nothing	our	raised	re	rip	rock	roll	school	scott	their	them	these	walker	yes	youth
10	16	53	came	crush	feeling	found	girlfriend	got	had	hearing	heartache	just	later	listening	lyrics	out	really	same	sign	those	true	were	who	written	year
2019	60	attached	being	can	go	goosebumps	many	melodrama	sept	teenager
attached	big	come	did	know	little	many	mysterious	place	teens	then	what	wonderful	world
best	can	go	had	life	much	one	please	real	simpler	then	they	those	too
absolutely	again	can	get	how	never	sad	there	those
60	70	alive	felt	much	optimistic	really
favorites	lovely	new	one	timeless
anymore	because	broke	eyes	first	going	heart	listening	not	rise	sun	takes	tears	thought
again	big	could	give	much	see	sister	whatever	would
10	63	are	brilliant	cam	certainly	classic	era	hits	listening	many	one	out	them	there	tune
66	almost	always	bar	beggar	blind	box	classic	cornell	early	forehead	george	have	he	him	innocent	juke	killing	kray	loved	march	outright	playing	ronnie	sat	shot	straight	those	through	timeless	while
brought	called	crap	eyes	grandchild	many	tears
brought	crazy	non	played	some	stop	teen	thank
audio	cassette	child	first	had	listening	rap	tape
germany	jam	listening	stationed	wonderful
best	life	takes	way	wise
came	club	day	jumping
can	club	go	played	teen	texas	they	used
80	club
1980s	cool	don	guy	like	lil	little	look	man	oh	one
80s	how	just	take
could	damn	go	these	wish
90	90s	boy	dance	dancing	do	fiance	floor	generation	just	last	man	new	night	not	take
girls	school	singing	takes
beats	better	cant	gardens	god	much	roller	rolling	school	skating	takes	then	top	were
def	down	listening	reminiscing	rink	skating	times	too	track
ah	came	classic	damn	dance	dope	floor	friends	hell	here	high	literally	many	out	right	school	shit	tear	track	up	use
ah	awesome	rink	skating	times
been	came	day	everybody	fl	got	groups	have	looking	lot	man	name	never	new	one	out	thanks	there	tyndal
1988	am	because	chance	every	got	hating	jams	kind	not	one	rapping	rocking	then	what	whatever
70	can	everything	more	say	than
80	best	they	times	were
70s	bath	dad	he	little	mom	precious	real	sing	us	used	were	while
being	girl	listening	little	parents
2009	6th	away	became	boyfriend	cassette	ex	first	grade	has	he	him	husband	late	later	listen	lol	our	pass	sent	since	think	use	whenever
80s	because	car	deceased	didn	each	favorite	getting	give	hard	knew	know	listen	mother	other	out	really	she	sing	something	turn	up	used	usually	what
1980	40	about	age	an	be	blink	came	cat	doggo	early	enough	even	existed	eye	feels	first	forgotten	gives	had	if	ish	lady	like	little	live	ll	long	lovely	lucky	nostalgia	out	probably	right	saw	serenading	such	sweet	until	warm	yesterday
big	can	hit	makes	many	more	say	than	words
day	really
2019	broken	first	goodbye	he	heart	here	high	moving	out	saying	school	state	truly
father	listen	often	sings
2019	feels	fresh	many	past	relate	wonderful
takes	teenager	wow
feeling	omg	thanks	throw
carefree	joyful	leo	remind	thank	yes
broadcasting	classic	corp	day	enjoy	excellent	hear	srilanka	used	youth
30	after	again	first	gives	goodness	innocent	listening	nice	smile
2019	am	january	little	looking	next	nothing	parents	playing	radio	seat	sister	sitting
eyes	nostalgic	tears
be	dad	inhaling	listen	nostalgia	soon	there	would
danced	happy	high	maine	our	portland	roller	school	skated	sweethearts	wedding	well	were	wife
80s	being	humming	nostalgia	young
another	garbage	makes	past	today	world
after	every	father	kid	liked	moment	morning	open	school
14	danube	exactly	falling	feeling	first	girl	hand	kiss	like	listening	long	shores	summer	tied	year
1981	after	birthday	care	ladies	mum	one	school	shelter	singing	sister	tasmania	tassie	those	women	wow
62	best	chevy	dad	driving	ever	flatbed	forgotten	has	his	lol	middle	mom	momma	not	only	passed	rip	say	stood	while	would	wow
heart	mind	sweet	thank
60s	70s	80s	beat	getting	nostalgic	nothing
sang	young
remind
are	before	day	ever	every	feeling	fresh	gives	green	his	leaving	leo	loved	play	sayer	school	single	tracks	wow
1980	20	different	drove	girlfriend	heard	indiana	least	phoenix	radio	stations	there	way
better	many	much	thank	then	were
friend	girl	high	school
1980	discos	had	machine	madrid	play	pubs	they	used	wish
ago	many	mine	missed	moons	younger
bring
classic	many	mate	thank
50	60	70	80	being	better	could	feelings	had	hear	inside	life	older	place	radio	sung	these	touched	understand	words
always	dad	growing	mom	played	up
60s	70s	always	dad	drives	every	he	really	turns
above	an	bitter	bringing	cherished	enormous	many	sweet
because	born	date	had	how	just	later	never	oh	real	those	well
13	ago	boyfriend	cause	cry	field	had	him	just	long	loud	myself	or	out	over	reminded	sing	trips	used
1954	age	anyone	be	been	born	captured	commented	elvis	emulate	even	gifted	grandmother	has	have	he	his	imagination	many	never	or	others	popular	presence	presentation	really	sound	started	there	through	today	voice	who
21	28	after	bought	car	cd	crying	divorce	down	driving	ended	first	had	later	loud	marriage	rolled	turning	up	very	windows
