age	although	days	emotional	fan	feel	golden	hear	jim	life	lord	loving	many	reeves	relaxed	singer	singers	still	thank	those	vouch	we
1st	2nd	30	back	blessing	came	convince	day	december	god	granted	greatest	hope	later	leave	life	lou	man	marry	mary	nam	pray	reality	receive	some	thank	tour	viet	who	years
heart	wherever
close	come	elvis	king	number	place	taking
anytime	begin	bet	could	future	generation	goes	hit	if	ill	new	play	radio	still
am	father	jim	listen	reeves	remember	used	young
coffin	crematorium	father	favorites	has	him	into	late	meaning	played	singer	special	top	tribute	very
100	29	along	boxer	by	college	come	could	daddy	eric	generation	grandma	grandpa	guess	heard	him	jim	least	man	maybe	mine	mr	mummy	myanmar	next	old	presented	reeves	sing	singer	sir	top	well	which	wonderful	years
again	elvis	entertainment	nothing	then	there
best	blues	country	elvis	ever	heart	if	rhythm	rock	roll	soul	there	were	would
baby	blow	guaranteed	mind	part	steam	your
absolutely	elvis	forever	him	lord	made	off	really	showing
different	enjoy	familys	generations	hear	quality	true
could	favorite	forever	him	listen	singer
any	anytime	distant	drums	emotions	especially	eved	get	hear	jim	overcome	reeves	teary	very
die	ever	every	loved	made	man	mother	much	played	sounds	think	word
best	country	lovey	singers
60	heart	melts	prepare	sound	usually
absolutely	appreciate	boast	brilliant	days	element	enjoyed	jim	least	older	people	posting	thanks	video	who	yes
come	first	innocent	jim	live	long	more	reeves	reminds	rightly	their	think	thread	united	us	ve
about	boy	by	elder	favorites	girl	him	interpretation	little	mother	number	plausible	put	raise	says	sisters	someone	think	three	tom	treat	very	who	whose
boy	brought	early	girl	knew	think	up	who
boy	favorite	many	still
1967	anyone	around	audio	book	erudite	fantastic	listening	pete	rather	reading	recommend	right	spoken	version	very	well
another	away	calling	dear	different	distant	drums	favorite	flowing	gone	heard	jim	meaning	mum	oh	reeves	sound	takes	tears
amazing	classic	drumming	heart	known	lifts	little	sensational
amazing	an	before	heard	rhythm	wow
about	changed	controlling	four	mine	name	or	parents	three	who
childhood	friends	listen	mom	seen	sing	singing	something	started	stop	today
100	along	beatles	best	classic	dylan	even	over	played	stones	years
album	could	doubt	ever	greatest	handedly	has	its	only	single	story	tommy	unbelievable	who	work
barry	been	brilliant	done	had	if	mix	motown	nice	orchestra	palmer	reminds	such	too	unlimited	ve	version	white	would
back	builds	crescendo	favorites	magnificent	matched	or	rarely	then	today
band	broken	fell	first	heard	hearted	hit	home	really	road
60s	90s	about	alive	appreciate	around	back	cut	day	do	don	enjoy	enthusiastic	ever	folks	get	god	grown	hardly	magic	man	meaning	oh	play	playing	short	something	talking	then	through	uhh	wanna	we
anyone	beat	classic	does	drummer	find	thanks	who
amazing	background	classics	credit	deserved	did	dramatic	got	most	orchestrators	pop	powerful	probably	sharing	thank	these	work	youth
before	don	dropped	found	go	let	trailer	week
am	any	cause	here	listen	must	other	parents	phones	them
called	camels	desert	don	east	go	hear	job	let	lol	makes	middle	or	parts	saw	side	think	till	trailer	wondered	world
days	don	hears	its	sad	these	we	words
am	here	him	listen	look	mom	told	up
elvis	forever	live	long	many	miss	singers	why	world
along	cry	emotion	every	family	king	live	long	makes	much	pics	single	those
generation	generations	lived	prefer	than	wish
before	guess	how	late	leave	most	much	really	someone	tell	them	too	us	we
about	amazing	away	because	care	chance	ever	girl	give	hard	keep	lost	met	more	most	ones	pushing	satisfied	showing	such	them
able	been	fulfill	gentle	go	had	him	left	life	lisa	loved	marie	princilla	sad	soul	started	think	wish	wrong
elvis	get	him	jackson	michael	presley	sad	see	wish
awesome	been	favorite	greatest	loss	singer	world
16	amazing	had	him	listen	old	only	people	ve	years
alone	any	because	die	do	going	grew	hard	how	learned	little	loved	or	probably	relationship	say	show	them	things	told	up	whenever	woman
before	didn	get	glich	little	maybe	meant	there	too
2nd	age	build	came	grade	memory	movie	only	out	treasure	your	youth
attention	classic	joint	life	lyrics	many	much	pay	relates	situations	very	why
feel	given	helps	inspirational	up	very
amazing	bass	brothers	david	don	forget	funk	give	greatest	had	hear	jamie	jamison	levi	man	marvin	motown	others	smokey	stubbs	thanks	there	tops	troubled	underrated	up	voices	were
age	had	legend	man	much	old	power	soul	such	vocal	years	young
17	by	davis	goes	maybe	old	only	primary	school	son	spencer	steve	teacher	there	think	way	well	while	who	winwood	wrote
16	age	believe	hard	old	really	said	someone	there	years
blow	if	out	sing	tried	tune
black	come	got	if	natural	out	soul	thing
aren	band	or	popular	really	recognized	shame	smashing	too
60	comments	had	idea	loved	read	singing	stevie	until	winwood	your
100	absolutely	excellence	gold	life	line	masterpiece	memories	phenomenal	pure	solid	sound	standard	talent	top
appreciated	beyond	few	invent	machine	people	please	realize	somebody	soulful	steve	teens	under	virtuoso	younger
1967	ago	long	nothing	nowadays	peace	there	think	touch	wow
best	better	case	first	get	give	only	point	rest	shot	told	your
discover	fabulous	group	hear	often	share	such	thank	wow
22	60	age	ask	band	brought	daughter	enjoying	evening	here	movie	viewing	who	youngest
bad	favorite	heard	merle	then	too	version
about	before	executed	exists	family	home	man	past	reminiscing	sad	tells
14	am	first	grandma	introduced	only	still	thank
by	laura	name	sing	thomas	tommy
1960	do	finest	hit	out	really	single	singles	stands
get	happened	hit	lost	lovely	many	though	wonder
enjoy	nice	relax
friend	keeps	laura	name	singing
appreciate	out	shout	teens	tunes
brilliant	highlights	really	tragedy	well
because	coincidence	ever	favourite	happens	laura	name	such
cheap	compilation	decent	laura	park	pictured	skank	trailer	until	version	video
anymore	comfort	create	do	had	knowing	laura	maybe	people	personal	sorrow	thing	who
better	crap	grew	hear	sort	than	these	up	words
best	created	ever	forgotten	should
cases	finished	half	lyrics	only	others	some	video	wrong
1960	21st	century	certainly	lady	much	very	video	vintage	young
any	calmer	day	days	do	made	make	nice	such	words
do	name	sad	seem	why
about	careful	entertainer	greatest	our	person	please	say	talking	thank	who
concert	greatest	history
gorgeous	heart	man	melt	would	your
called	had	how	king	known	rated	still	under	wish
delivery	face	high	how	last	much	notes	part	satisfied	see	sings	those
american	artist	away	blues	doubt	greatest	here	james	lifetime	listened	make	may	maybe	mock	most	nothing	prolific	said	statement	take	taylor	thing	three	times	tune	ve	version	white	written
awesome	coolest	elvis	ever	most	name	person	sung
best	could	ever	him	live	once	seen	there	wish
been	concert	elvis	enjoying	fine	gone	had	over	priscilla	ride	year
certainly	earth	fella	gorgeous	him	however	imaging	left	lol	looking	mark	over	right	soon	stunning	too
awesome	best	blues	by	comparison	do	doubt	genres	incredible	man	many	most	mr	only	presley	really	singer	singing	still	were	world
beginning	forever	how	king	laughs	looks	side	then	thinking	would
background	blues	elvis	hear	parody	period	playing
bluesy	comfortable	definitely	down	low	most	style	think
bless	elvis	forever	friend	god	greatest	miss	then	we
angel	artist	concerts	died	earth	effort	eyes	god	greatest	handsome	man	most	much	peace	rest	see	sufferience	too	unique	why	young
did	masterpiece	minutes	or	over	perfect	recoding	studio	why	wonder	would
again	back	because	coming	else	elvis	forever	gone	heard	its	keep	life	other	our	some	special	there	too	very	video	videos
cover	elvis	forget	harmonica	key	look	making	played	soooo	tune	we	your
absolutely	band	bless	burton	elvis	entertainer	fantastic	forever	glen	god	greatest	hardin	heart	heaven	james	over	singer	tcb	vocalist	world
fantastic	greatest	performance
amazing	another	back	been	bone	brilliant	call	come	do	get	how	interpreter	liked	many	masterpiece	proof	them	there	together	work	wrong	yet
biggest	elvis	handsome	history	hot	most	singer
by	close	come	elvis	entertainer	ever	god	greatest	here	man	peace	rest	see	sent	who	world
40	burton	elvis	james	must	nelson	old	over	rickey	stolen	years
compared	has	here	him	if	king	more	nothing	others	stealing	still	would
any	better	fantastic	favorites	get	gold	perfect	pure
backing	barry	faith	john	made	orchestra	pizzicato	pop	really	records	singer	strings	superb	technically	use	wasn
50s	60s	about	born	elvis	emotion	genuine	grew	heartfelt	late	more	orbison	preferred	raved	roy	sung	thank	thought	uncles	up	were
been	best	favorite	feeling	generation	if	known	performer	popularity	roy	solely	sure	talent	ve	were	would
50	60	soul	there	today	unlike
bass	complexing	did	if	or	singer	soprano	talented	tenor
about	alone	being	bit	depressed	feeling	listened	lonely	right	roy	then
classic	continue	enjoy	legacy	live	lonely	only	we	work
agree	big	completely	converts	expression	feelings	into	lyrics	nice	stuff	thanks
16	artists	daughter	exposed	knew	loves	old	orbison	right	rock	roll	until	year
16	age	begin	day	hope	kind	old	really	those	which	wonderful	wow	years
bless	don	fantastic	god	missed	ones	roy	singer	young
1988	about	amazing	away	been	bournemout	bournemouth	brings	by	centre	december	eyes	first	forgotton	home	january	ll	passed	pavillion	rip	road	roy	start	tears	tour	town	truly	uk	venue	way	would
both	boys	burnt	cash	die	door	down	family	henderson	house	jr	location	looking	man	next	old	performer	person	roy	sir	site	stood	tennessee	their	visited	wonderful	yes
classics	pleasure	stumble	upon
an	cherish	forever	forget	magnificent	man	orbison	roy	your
50s	60s	beat	early	has	late	period	totally	unique
awesome	had	own	range	style
drinking	him	invent	listen	live	machine	made	mediterranean	oh	please	self	want
100	agree	back	could	live	then	wished
ago	english	homework	looked	minutes	up
ago	away	cry	dare	do	feelings	germany	listen	make	man	more	mum	passed	seldom	then	there	totally	two	understand	very	vulnerable	years	your
any	doesn	folks	glad	has	hear	heart	hope	maybe	played	real	rock	roll	some	stuff	today	world	young
about	ago	album	an	baby	dig	ended	find	ll	long	moved	out	re	remember	sure	talking	think	through	years	your
actually	back	had	sing
country	wished
again	believe	country	god	hear	junk	play	radio	real	rock	sirius	sucks	thank	today	true	we	youtube
by	country	disc	ever	gold	hank	him	locklin	most	recorded	selling	single	top
ain	classics	country	do	old	stuff	these
another	believe	cramer	delivery	distinctive	do	floyd	had	ivorys	legend	locklin	loved	such
25	anything	classic	country	ever	favorite	go	stand	today
dad	kind	mom
17	am	falling	old	school	years
about	dad	got	incredible	kitchen	out	recordings	still
about	an	country	heard	hits	infomercial	jukebox	tv
amen	best	blessing	come	everyone	god	him	knows	many	really	who	years	yet
classic	country	did	hank	hits	many	thank	well
comment	ever	funniest	lmao	saw	youtube
facebook	has	let	lie	liked	only	photo	post	ricky	shared	youtube
friend	girl	laura	nice	very	young
bad	hates	laura	mood	sing	sister
after	grandparents	least	means	named	quite	something	still	why
background	barely	listen	nowadays	words	wow
listening	old	those
childhood	didn	friends	grandpa	serious	think
best	fogerty	has	john	still	think	version
first	gladys	heard	hearing	knights	version
could	get	john	listen	over	right	tired
favorites	much	sharing	thank
been	don	favorites	has	make	posting	shame	sure	thank	them	used
awesome	better	country	dies	get	old	really
behind	childhood	favorite	man	screen	sharing	thank
anybody	by	does	don	nice	piano	posting	thanks	video	way
enjoy	listening	old	posting	really	thanks	wonderful
country	down	fans	fashioned	keep	many	old	post	see	thanks	young
again	am	back	once	real	replying	some	sound
best	country	hear	how	its	many	matter	pop	times
about	after	anyone	could	faithful	infidelity	losing	lyrics	make	married	temptation	think	true	uncomfortable
locklin	only	opinion	too	version	well
don	here	make	nowadays	performance	rock	stars	used
27	country	don	people	real	taste
anymore	country	don	get	happened	isn	mean	some	today
days	do	don	hip	let	life	low	meaning	over	pop	rap	take	we	why
after	am	appreciate	ask	convinced	even	heart	listening	man	stone	times	transplant	would
dance	daughter	old	only	years
am	best	better	englebert	feel	feeling	friend	hear	low	once
could	last	someone	special	waltz	wish
also	could	forever	handsome	then	touching
artist	became	don	explain	feelings	global	legend	star	start	suddenly	superstar	then	true	where	who	wonderful
best	better	brilliant	come	course	don	englebert	much	sung	than	well
again	doc	fall	peace	would
change	old
happy	make	nice
actually	age	describes	golden	how	melody	such
could	darling	didn	god	make
by	englebert	ever	most	only	think
by	everyone	legend	loves	sang	true	who
dance	someday	would
after	any	compose	decades	do	many	memorable	nowadays	touching
around	brought	come	dancing	family	favorite	first	here	strickly
also	any	by	nice	passed	same	still	whenever
any	genre	how	lover
10	11	amazing	amazingly	an	dance	feel	getting	lyrics	makes	mesmerizing	much	sharing	such	superb	thx	undoubtedly	up	waltz
ago	come	concert	days	dream	few	see	true	very
been	best	life	part	singer
ever	got	has	most	peace	romantic	sweetest	wow
break	everyday	life	lonely	man	start	then	up	wake	without
1967	blasted	by	cassani	comes	course	engelbert	innamoro	into	italian	maro	melody	obscure	original	panzeri	parrot	quando	really	records	stratosphere	then	think	version
beauty	grandmother	loved	pure	understand	why
artist	favorite	grew	lyrics	mom	still	these	up
14	cousin	family	favorite	hear	learn	old	our	yrs
ever	existed	has	magnificent	most	voices
artists	by	classic	found	generations	modern	out	some	sung	these	today	were
could	make	more	today	wish
forget	out	record	wife
any	both	cloudy	freedom	loved	mornings	ones	presence
ever	forever	mankind	ones	stay	those
age	called	describes	golden	loved	many	old	us	years
2019	classic	ever	happened	listening	romantic
am	even	genre	listening	meaning	nowadays	still	teen
arms	cause	day	hold	loving	make	painful	till	ve
get	grew	listening	most	number	soulful	tired	up	voices	world
cloud	computing	lost	mans	thanks
amazing	classic	thank	truly	uploading
again	break	don	everyday	if	sleep	try	up	wake	want
class	eurovision	its	re	recorded	should
days	looking	lyrics	old	power	sing	without
bless	care	family	god	got	lovely	sing	singer	take	them	too	wife	your
irreplaceable	untouchable	very
don	else	guys	off	please	profiting	someone	talent	video
about	best	cruel	ended	ever	ironic	life	made	punishment	reckon	sing	singer	up	wish
its	lonely	man	without
beauty	broken	heart	only	real	those	understand	who
again	anymore	appreciate	between	clip	days	don	each	every	everyone	far	feedback	few	has	hi	left	make	memories	messages	read	thanks	them	these
class	crafted	massively	musicians	perfectly	performed	pop	real	underrated
big	catchy	harmonies	hear	hum	intro	lovely	once	pop	proper	record	sing	tune
guy	happy	sings	tune
70s	best	class	come	ever	out	pop	such	written
2019	feel	happy	january	listening	make
1st	am	any	classics	clubs	europe	germany	hey	honeymoon	in2	message	our	play	thanks	these	tips	weeks
comments	editing	make	posting	thanks	these	video	watching
almost	an	ignore	impossible	intoxicating	intro	naturally
eat	etc	harmonies	heart	lyrics	out	sing	singers	your
classic	dance	hits	millions	really	should	soul	up
an	classic	ever	intro	masterpiece	match
1st	21yr	daughters	describing	elle	especially	every	grace	heard	lyrics	may	name	old	single	tune	written
follow	harmonies	little	made	maker	number	trust	uk	up
any	better	intro	nice	orchestration	singing	tune	without	would
compose	could	guys	most	those
don	if	something	there	wrong
appreciated	carolinas	only	really
by	dying	eh	heart	slowly	words
too	vocals	words
consolation	early	far	find	hope	katharina	learn	loss	some	sorry	sweet	too	your
50	60	80	hear	heaven	loved	proper	ruby	singers	still	thank	we	youtube
been	hit	should	usa
people	retarded	version
greatest	lady	singer	teresa
been	brewer	evening	fantastic	hill	lovely	mockingbird	ms	nice	spend	talented	woman	would
50	bird	brewer	covers	dinah	early	ford	hill	hits	instead	interpretation	into	late	les	lullaby	mary	miller	missed	mitch	mocking	original	page	patti	paul	sad	sang	shore	sing	sixties	sleepy	some	something	still	teresa	today	up	using	wake	were	wrong
called	hill	if	mockingbird	place	there	would
america	anymore	found	icon	rip	singers
another	loved	recordings	thank	wonderful
favorite	has	lady	listening	lovely	mind	peace
cheezoid	complex	glad	likes	lol	only	something	superiority	think	used	who	wrong
again	miss	teresa
book	dynamite	little	miss	oldies	or	replaced	singers	topped
gentle	loping	nice	sweetest	teresa	version
could	do	docambra	don	give	if	notice	only	permission	remain	way	were	youtube
earth	ever	get	heaven	ll	nearest	we
almost	billy	earth	handsome	its	much	out	sings	too	unbelievably	world
any	billy	by	come	copy	eckstine	gras	has	mardi
their	unique	vaughan	voices	were
loved
don	get	gives	goosebumps	handsome	lovely	man	much	out	play	re	such	them	world
close	eyes	follow	listen	perfect	your
1954	another	billy	by	called	classic	eckstine	him	hit	single	timeless	top
could	handsome	heavenly	looks	man	met	wish
another	do	exquisite	him	justice	mans	posting	remarkable	thank	there	unique	words	would
posting	thank	wonderful
any	by	male	recordings	sinatraphile	singer	truly
billy	ever	fabulous	most	singer	underrated
1970	any	history	knew	lived	magic	most	who
any	exquisite	mandolin	piece	played	who
anybody	better	ever	guy	than	there
him	renamed	rendition	should	wonderful	wow
blood	carlos	flesh	movie	played	thompson	tune	wonderful
difference	hearing	keep	noisy	romantic	true	tunes	we
11	17	18	baby	days	girl	granddaughter	nine	today
end	head	makes	musical	slap
became	before	crap	day	enough	everywhere	listen	long	played	radio	respectable	rock	roll	used	we
naughty	pop	should
an	did	environmental	file	had	impact	statement	town
am	its	only	scary
everyone	hear	lot	should
am	belong	by	came	care	do	don	donald	epic	greeted	group	here	hillary	if	listen	message	or	pissed	political	trump
away	breath	exercise	literally	needs	says	son	takes	who	your
adult	back	bringing	brought	children	consider	future	given	hands	human	incredibly	instead	into	lies	names	new	playthings	scary	stupid	think	were	whose	world
baby	parents	told
an	baby	days	door	exactly	favorite	guy	has	him	listen	new	next	nine	old	told
cell	download	put	where
back	day	insinuations	lyric	real
50	boo	go	pop	pure	rock	roll	white
believe	dislike	new	still	there
connotations	could	days	different	lady	lane	naughty	these	very	well
almost	couple	did	favorite	first	heard	lady	loved	lovely	met	often	play	rip	ruby	singer	still	such	times
15	17	about	best	came	died	friend	jimmy	motor	name	nana	out	scary	story	very	year
friend	goodbye	jimmy	sing	such	tell
because	channel	found	guessing	had	jerry	posted	said	vale
ago	commented	didn	figured	first	jerry	long	seems	vale	where	would	yes
dance	daughter	go	living	loves	old	room	says	sing	sway	swing	we	weak	year
by	get	highest	leave	startled	up	volume
after	apart	because	being	called	couple	el	en	fantastic	heaven	here	met	show	ti	us	used	work	years
16	anyone	him	legendary	na	name	old	please	singers	some	type
did	english	first	go	heard	later	learn	lyrics	only	said	say	sway	thought	we	weak
an	chocolate	cigar	coffee	cuban	disturbing	draw	faster	imagination	life	need	old	partner	without	world
better	cases	few	language	lyrics	new	original	than	translation	where
best	ever	more	only	singer	tech	us	we
am	bit	dancing	dean	down	favorite	feel	headphones	or	pretend	put	sad	we
many	new	out	versions	year
before	by	do	father	its	lately	listened	loved	sang	sometimes	which	who
buble	dean	martin	michael	original	prefer	really	spanish	version
bottle	carnations	champaign	come	heard	some
curtis	discovering	least	photo	pleasant	resembles	thanks	tony	youtube
backing	being	dickie	didn	looking	melodic	need	singer	singers	such	true	valentine	well	who
new	performance	terrific
1958	big	charismatic	couple	crown	door	frankie	gilmorton	green	had	hits	hotel	local	original	sang	strength	tower	uk	vaughan	very
1958	called	certain	comment	dickie	elvis	find	frankie	further	guy	international	male	mr	nme	poll	presley	previous	running	slot	some	taking	top	uk	valentine	vaughan	vocalist	vocalists	voted	years
best	billy	flowed	fury	isn	right	though	totally	unacceptable	version	way
billy	did	fury	predating	there	version
about	charts	listed	march	popular	uk	us	very
channel	congratulation	discover	france	hello	its	much	pleasure	sharing	sincerely	thank	video	your
break	enjoy	heart	how	regret	these
mans	stops	texting	whose	your
am	every	form	greetings	netherlands	play
done	original	release	well
actress	anyone	first	tell	video	who
fantastic	forgot	gorgeous	hello	woman
almost	bring	eyes	life	sad	tears
believe	crowd	end	first	had	image	movie	really	tragic
covered	if	listen	mean	world	would
best	course	ever	seen	video
60s	70s	alive	amazing	an	anymore	been	brenda	buried	ending	forever	forgotten	generation	god	happy	historical	lee	much	new	or	real	sironaca	still	thank	these	very	would	youtube
inverted	men	nowadays	once	real	upon	women	world
listening
because	better	enjoy	even	everyday	last	treat
departs	everything	fades
about	emotional	feel	lyrics	more	much
another	greatest	listen	oh	same	then	think
around	end	has	life	many	meaning	only	same	which	world
about	anything	done	everyone	forgets	help	here	hoping	lol	meaningful	might	outstanding	pay	person	put	repay	say	sees	selected	shots	single	together	wanted	who	work	your
brenda	could	day	lee	listen	singer	thanks	who	youtube
came	crap	felt	holy	next	right	serious
best	ever	seen	tube	video
actors	an	index	interesting	most	movies	see	them	those	would
how	many	people	relevant	wow
10m	change	communicate	fans	here	knowledge	lady	language	little	many	much	people	sironaca	thank	there	voices	way	we	without	wonderful
an	effect	enough	funny	had	has	hear	including	relationships	such	those	who
best	over	world
go	magic	only	sway	technique	we	weak
bless	dean	god	how	martin	may	much	soul	wonderful	your
dance	down	failing	fight	headphones	listening	platform	train	trying	up	urge	waiting	walk
could	gold	man	only	pure	sing	who
bs	democrat	everytime	hear	sound	starts	violins
about	because	darkness	different	flower	guess	how	interpret	light	people	sun	talk	things	words
child	especially	fantastic	had	loved	such	young
60s	70s	beauty	best	faces	full	natural
am	appreciate	ever	green	listener	much	sings	these	very	youtube
045	about	artist	birds	by	clip	do	don	get	has	mean	movie	people	showing	singing	sings	snow	stars	storm	sung	then	there	two
been	during	hanged	how	lived	lol	mind	probably	racism	remember	sometime	then	wish	would
big	every	girl	little	single	understand	word
heartbreak	makes	pain	sound	suckers
do	handsome	look	more	much	past	people	present	why
romantic	sad
better	davis	difference	feeling	least	made	makes	more	original	puts	seeing	skeeter	than	too	version	way
days	intelligent	later	more	nicer	pretty	women
best	ever	heard	version	wonderful
cherish	every	moment	reason	should	we
many	screen	silver	stars	thanks
again	although	bogged	breaks	down	everything	feels	hear	if	live	recover	relationship	sad	says	some	takes	things	true	up	version	very	young
actors	brilliant	compilation	compliments	genius	greatest	hard	pure	screen	silver	sironaca	work
able	add	age	being	by	clift	could	credit	dean	didn	do	extra	few	ford	get	glen	golden	half	hollywood	if	james	john	ladd	list	men	montgomery	movie	name	nice	offhand	over	past	picture	re	running	shown	someone	sophia	spencer	stars	stills	stumped	though	tracy	veronica	video	well	without	women	wonderful	would
if	let	would
express	has	life	meaning	most	people	point	some	their	things	think	unable	understand	we	would
also	first	god	life	nothing	reflects	without
advance	anyone	comment	corresponding	does	movies	pictures	please	tag	thank
1963	27	cause	feel	how	incredible	kind	living	makes	missing	out	released	ve
planet	thought
blessing	divine	eternal	grace	hard	our	promise	receive	recognition	reward	see	selves	through	waiting	we	why	work
anything	could	doing	sing	sounded
bethesda	did	fallout	gaming	personally	playing	singing	started	thanks	until
goodnight	listened	much	thank	thankfully
gold	recommended	some	youtube
actress	an	anyone	background	cigarette	clip	does	glass	hand	holds	man	name	over	photo
am	anything	broken	hearts	help	hurting	mended	sorry
best	brenda	collection	dopamine	hit	however	lee	little	otherwise	out	outstanding	place	real	seems	singers	world
if	names	nice	people	photos	posted	recognized	some	think	video	would
am	forgotten	hear	list	loved	rest	restore	sorry	who	your
here	real	really	slides	some	stars	these	too	were
go	iconic	images	job	most	movies	perfect	seen	sironaca	special	these	ve	video	why
emotion	full	loving	person	singer	true	yes
150	blame	boring	cookie	crop	cutter	don	duration	emotion	entire	fry	get	how	many	mph	over	re	sing	singers	singing	teachers	use	vocal	young
came	could	experienced	out	really	wish
by	did	distinguish	gone	look	more	years
about	actress	anyone	close	dark	does	face	featured	haired	half	see	thank	through	up	video	way	youtube
an	angel	anyone	by	dynamite	god	had	has	little	men	miss	peace	second	sent	some	us	voices	women
could	emotion	interpretation	lot	really	sing	woman	wow
angel	dreaming	human	slap	some	up	wake
expressions	face	fits	new	nice	pictures	put	story	tell	their	those	very	video	whole
around	chen	end	genuinely	listening	peter	sung	touching	world
briefly	feeling	glad	heart	joy	leave	left	life	shared	us	we
moments	much	thank	these
absolutely	come	gut	hit	lot	monumental	quite	sang	sorry	unusual	ve	version	very	which
arrangement	distraction	huge	images	jumping	poor
best	brilliant	changes	even	everyone	feel	happen	happened	heart	its	lost	makes	really	sad	still	things	thinking	wish
before	ever	had	hear	such	touching	wonderful	words
full	give	melancholy	sorrow	these	use
come	devastated	does	feels	if	really	stops	times	world	yet
believe	could	dynamite	few	little	modern	perform	singer	superb	today	very
couples	heavenly	legends	many	overlapped	screen
again	hear	kind	melody	performance	unbelievable
anymore	barely	brenda	by	don	every	favorites	fifteen	goodness	heartstrings	herself	hit	home	lee	list	lyrics	make	or	reality	sang	singer	still	sure	them	these	think	torch	understood	were	younger
am	asking	bless	dear	friends	god	offering	our	protect	wherever
absolutely	amazing	an	brings	eyes	makes	see	story	tears
apart	been	if	listen	ll	lyrics	many	meaningful	movie	people	powerful	really	soundtracks	understand	why
compared	garbage	lot	singers	todays	total
by	ends	him	moment	yes
about	am	between	fantastic	frames	most	off	putting	strange	sure	transition	very	video
50	brenda	emotion	feeling	full	heard	heaven	lady	listening	more	real	singer	sounds	than	tire	we	years
amazing	an	by	emotional	ever	goddard	much	paulette	thank	video	way
brilliant	choir	classic	ear	left	lovely	middle	million	perfect	piano	right	stereo	strings	such	thank	version
ensues	glorious	gun	last	makes	misunderstood	stand	tyranny	vigilante
actress	an	fantastic	heard	woman
better	flows	opinion	original
almost	better	classy	describe	every	horny	nowadays	rebellious	romantic	still	story	than	which
called	dynamite	lil	miss	only	shes	why
brenda	brings	by	davis	does	emotion	job	originally	same	skeeter	sung
cant	greats	more	today	we	why
anyone	certainly	does	film	fits	singer	star	superb	well	who
almost	best	every	female	rock	roll	version	vocal
40	anybody	cute	recognize	unforgettable	very	woman
amazing	an	child	comfortable	command	concert	deliver	ease	effortlessly	flat	had	presence	prodigy	seemed	signature	special	vibrato	vocalist
again	an	baby	boomer	come	don	doubt	era	ever	experience	lovely	lyrics	ones	post	really	sadly	same	seem	shame	there	today	yes	young
add	best	black	by	coupled	days	easily	effect	enhance	gone	hey	long	lovely	magic	moodier	pace	photographs	plaintive	sadder	slower	sparkle	too	version	white
audio	create	did	do	don	how	say	thank	video	wonderful
books	english	if	learn	messages
either	grandpa	send	wow
commercial	heard	hilarious	somehow	until	which
get	happy	how	listen	listening	makes	more	much	newcomers	older	out	retarded	sound	turn	wonder
glory	how	jeans	man	morning	put	soon	up
funny	gets	how	jackson	legend	michael	played	radio	regarded	still	though
about	also	back	behind	co	crap	crowd	day	did	get	him	himself	history	how	knew	look	made	plus	rest	sadly	sell	some	stage	tunes	we	which	wrote
cds	days	dustbin	gary	glitter	into	over	people	probably	their	these	throwing	world
don	gang	leader	lol	much	thank	very	want	your
about	an	everybody	excuse	got	honest	liking	nonce	re	rest	us
care	don	done	has	remains	same
committed	crime	discussing	enjoy	people	sick	who	without
funky	gen	god	instruments	more	parents	thank	used	wish	wow
any	being	cool	do	don	exceptions	few	find	frankly	has	made	meaningful	nice	nicely	nowadays	performed	rhythm	significance	signified	something	sort	those	times	tunes
best	black	brothers	community	could	did	group	how	life	living	man	many	moving	people	perform	shows	sing	stay	swoon	talent	tavares	your
amazingly	classic	gorgeous	heard	thank	titans
certain	every	hear	supernatural	think
car	fire	listening	see	star	titans	up
am	heard	india	kind	series	titans
fade	out	taking	then
around	here	mom	playing	real	right	sharing	thanks
best	ever	got	has	heard	structured	ve
curious	how	living	many	members	original	still	tavares
bought	happy	here	supernatural	yeah
angel	around	creation	foundation	moral	our	principle	reason	us	values	we
best	dance	dancing	disco	era
after	an	angel	arm	around	boat	couples	cruise	dancing	disco	elaborate	even	fever	fifth	fires	gorgeous	happy	heaven	imagination	instrumental	kissing	lot	missing	most	must	night	only	or	out	princess	romantic	say	see	ship	shoulder	though	up	version	would
cannot	get	handsome	how	look	over	sound	stil	still	were
age	classic	golden	listening	pleasure	priceless	real
band	college	drum	excellent	heard	horns	line	percussion	perform	show
18	am	days	die	here	honestly	kind	listen	lol	masterpiece	why
gold	matter	remain	timeless
comment	eyes	future	here	leave	ll	see	tears
crying	eyes	killing	lyrics	tears
earth	heaven	out	shine	shined	sing	ya
2019	better	born	much	others	than	today	wish
falling	listen	much	rain	too
dream	heard	played	vivid	way
cry	hold	legends	makes	myself	these
10	about	came	least	nice	played	times
better	carpenters	classic	even	get	gets	listen	old	perfect	privilege	representation	their
being	birds	cat	more	morning	natural	paper	pure	singers	singing	sounds	spring	talent	today	too	type	unlike	up	wake	whose
expensive	iconized	something
20	am	better	born	browsing	father	found	heard	old	teenager	than	while	year
controls	each	how	note	notes	quality	should	sound	unimaginable
amazing	born	those	wish	would	year
blocks	box	comments	could	hey	move	out	please	sort	texting	thank	way	youtube
clear	english	every	hear	karen	mother	nowadays	pronunciation	rare	sings	tongue	understand	very	which	word
breaking	cry	get	heart	make	part	really	where
bit	cry	hell	little	makes	mean	really	sad	surely	why
am	appreciate	could	english	find	first	happy	looking	lyric	really	spend	studying	understand	without
bless	comment	day	family	god	may	read	those	who	wonderful	your
15	am	been	crying	damn	do	feel	girl	kinds	life	likes	old	reincarnated	these	who	why
60s	backing	born	don	enjoy	oh	old	sometimes	these	those	vocals	why	wish
butter	cant	describe	honey	over	running	still
calmness	comes	every	feeling	get	happiness	hear	smile	their
about	an	back	era	form	funny	generations	grandparents	introduction	its	lest	listened	listeners	look	many	parents	sad	say	their	them	think	today	true	truer	tuned	youth
because	choir	glad	head	learn	lol	stuck
close	different	eyes	heart	only	still	yesterday
loved	ones	only	remains	world
daughter	has	likes	listen	make	sad	think
art	artists	brilliant	develop	given	millions	museum	over	people	piece	pleasure	vocal	who	world
clear	colorful	die	karen	nice	still	unique	world	young
goes	life	memory	still
about	became	cause	crush	day	favourite	friends	go	heard	him	home	knowing	name	out	repeat	talking	thanks	today	without
am	been	before	biggest	by	carpenter	effortless	far	favorite	go	had	inspiration	karen	own	performing	practice	pure	recordings	singer	singing	use
after	born	clearly	creation	credit	documentary	even	geniuses	gift	given	him	iconic	learned	much	responsible	singing	style	success	their	these	two	watching	were
down	ever	female	greatest	hands	heard
days	nonsense	timeless
cruel	darkness	life	short	surrender	world
70s	amazing	bad	best	brown	ever	kept	leroy	out	pop	possibly	pretty	rock	slot	stupid	think	we	were	written
30	another	believe	best	combination	credit	depressing	deserved	duo	emotion	emotions	ever	feeling	female	go	got	guess	hits	if	imagine	into	many	much	musicians	out	passed	people	personally	probably	put	really	relate	richard	said	sang	some	their	there	those	through	times	truth	very	well	years
day	its	listen	makes	really	too	wonderful
artist	break	forever	kind	live	today
an	attention	been	bring	disease	disorder	eating	even	foundation	had	if	its	life	lost	name	needs	passed	prevalent	question	should	singer	society	soon	such	superstars	there	these	today	too	tragedy	two	way	would
course	drum	famous	god	oh	singing	splendid	track	work	world
any	appreciated	did	first	game	listen	may	movie	or	recall	reference	where	would
anyone	got	more	please	share	similar
already	by	dare	don	even	into	listening	tears	video	watching
an	friend	mean	old	really	sounds
before	better	car	door	drive	hang	movie	movies	play	sounds	speaker	than	their	we	would
crying	fell	little	play	sister	started
brings	ever	hear	how	if	ironic	lovely	most	must	sing	such	tears	voices
2019	likes	listens	mom	much	sings	still	very	who
amazing	an	attention	bless	clean	crap	draw	garbage	god	karen	live	others	resort	such	themselves	who	without	world
ages	describe	emotion	feeling	more	perfection	smooth
could	how	if	seen
eyes	few	had	others	tears	touches	typing	way
about	detailed	evergreen	everything	how	moving	musics	quick	rip	world
1969	1973	album	anyone	bought	dad	don	early	far	go	had	lot	loved	mother	really	single	singles	such	their	then	think	touch	vocals
am	an	darn	eyes	here	listening	onions	put	running	these	who
future	hope	look	many	memories	more	thank	your
admit	days	generation	grew	ll	more	part	than	these	up	wasn
did	however	out	put	soul	very	wish	would
because	grandparents	hanging	kind	out	parents	why
alone	better	happened	hip	hop	our	put	rap	than	today	together
any	cover	feedback	give	hope	made	much	thank
bankrupt	brother	did	hope	lived	off	problem	see
1st	70	after	am	background	chorus	comma	half	melody	name	noticed	only	piano	riff	says	shines	sings	still	who
disliked	don	people	taste	who
classic	forever	heart	people	truly
has	hear	imitated	its	once	resonance	totally	unique
gave	lyrics	some	speak	team	themselves	us	were	wonderful
clear	crystal	else	melancholy	recreate	remarkable
casper	change	hear	heard	key	made	recorded	ride	those	ticket
best	dear	friend	nice	wonderful
anyone	laugh	liking	makes	thought
artist	beautifully	best	fantastic	female	find	lyrics	match	written
absolutely	an	devastating	down	loss	sends	shivers	singing	still	us
disturbing	era	heart	made	masterpiece	more	necessary	richness	state	than	things	valued	world
about	come	day	do	don	excited	had	knows	night	same	say	thing	thought	want	why	work
ever	industry	loss	most	tragic	unique	voices
bloody	drums	era	fantastic	heartfelt	lost	only	play	pretty	problem	recluse	sadly	say	soulful	unheard	wanted	who
about	how	meta	realized	singing	something	think
age	birth	death	old	perception	sorrow	suffering
almost	came	charge	completely	discharged	got	here	only	phone	preserve	thank
000	100	around	bankrupt	being	business	carlos	comes	company	concern	concerns	could	director	dollar	fall	friend	further	get	go	goes	hinds	holders	invest	king	lawyers	managing	nothing	peter	share	suicide	than	those	why	zulus
age	god	height	left	prime	sad	singer	such	talented	us	young
anymore	don	make	singers	timeless	truly	wonder
another	behind	clear	damn	effortless	ended	enjoy	karen	left	listening	lot	rip	sad	seemed	sing	soon	taken	too	way	woman
able	been	brother	by	crafted	credit	do	enough	gets	has	quieted	repackage	richard	shame	soon	their	think	too	were
amazing	an	before	sad	soul	still	touches
anymore	bad	childhood	such	there	thing	too	very
bought	btw	carefully	curios	daughter	doll	dollars	find	googled	got	has	here	if	indeed	karachi	listened	loops	low	out	pakistan	part	preset	quality	real	singing	sound	those	where	words
close	feeling	five	happy	how	into	matter	tears
body	every	melodious	sings	sweeter	than
died	everytime	eyes	hear	lose	man	start	such	up
asking	blacklane	bolt	boot	car	class	even	fresh	into	long	make	off	pie	shove	sing	steamer	thank	well
america	another	comment	its	nam	play	played	radio	sad	saw	still	video	viet
am	being	better	could	couldn	depressed	done	everything	fixed	got	help	listen	more	nothing	sad	sadder	undo	wished	yourself
30	by	chopin	cried	ending	kate	last	listening	minutes	monday	reading	sad	straight	while
latina	mixed	or	pretty	race	singer	very
90s	child	house	incredible	sounds	too	track	wow
although	come	dc	girl	has	lol	moan	southern	think
2019	disco	don	even	fresh	hear	house	often	shows	sounds	timeless
14	back	concerning	end	fashionable	guess	hair	only	same	shape	then	times	wow
black	either	fantastic	first	girl	has	heard	mixed	race	singing	thought	way
1980	90s	been	by	dead	declined	disco	has	july	lived	only	rapidly	revival	sad	short	there	totally	very	why
especially	feel	feeling	happier	itsliverpool	liverpool	low	making	much	track	tune
age	doing	done	dream	gifted	lot	nice	only	people	such	tender	well	where	wonder	young
25	age	anyone	been	before	business	could	couldn	dance	do	had	hair	heart	mess	million	oh	other	people	popular	presence	retired	seen	show	showed	stage	there	things	think	wasn	who	why	wish
also	beyond	complexity	nuance	there	years	yet
after	also	band	because	being	did	don	due	enough	full	fully	got	hits	knew	lived	long	made	many	maybe	mostly	or	people	popular	problem	rated	really	say	see	stay	their	these	together	underappreciated	underrated	understand	we	were	years	yes
another	beauty	been	black	blow	call	channel	day	didn	english	few	into	laugh	longer	more	nice	playing	real	staves	super	their	thing	though	tire	tony	were	wish	would
about	another	beatles	cares	clearly	conversation	could	harmonies	history	hollies	level	match	part	regard	same	took	vocal
about	around	end	ever	go	guys	harbor	heard	hey	horn	how	if	instinctively	into	kinds	laugh	looking	looks	nash	noticed	often	ships	these	things	think	towards	turns	wondered	yes
band	being	clapping	crazy	everyone	fantasize	going	guys	if	laugh	playing	told	would
1966	anybody	been	before	beginning	both	came	ears	else	familiar	first	following	heard	hearing	hey	hollies	if	melody	memories	might	miles	minds	more	other	parallel	see	seems	think	ve	versa	vice	where	who	wrote
any	attention	before	course	heard	paid	really	ve
150	actually	come	could	future	herbert	hitler	next	novels	predict	predicting	predictions	pretty	series	shape	soviet	start	things	tried	union	went	where	would	wrong	wrote	years
about	band	commented	gas	heard	kid	register	sad	station	stopped	store	system	them	tune	very	yesterday
bad	band	camera	deserved	did	dominates	equal	especially	face	instruments	lead	members	other	played	recognition	since	singer	too	video
14	agree	british	grew	if	invasion	matter	or	person	some	up	we	who
anyone	brilliant	come	compare	cooler	future	guys	may	out	soldiers	than	there	these	tomorrow	we	were	without
already	biography	crossed	fans	few	has	making	mind	only	or	sure	tell	themselves	there	think	two	write
afraid	expert	give	guitarist	here	looks	may	right	straight
80s	anybody	beatles	else	elvis	getting	here	influential	into	ironically	likes	listening	many	old	once	really	saw	sounding	started	stop	them	thing	too	tunes	type
actually	admit	away	been	before	blown	by	embarrassed	first	how	listened	long	really	singing	took
by	checked	could	doc	doesn	dream	every	get	girl	heart	how	hypnotizes	if	make	might	need	puts	race	seen	single	state	then	wish	your
after	anyone	apparently	back	birth	died	dude	end	go	gospel	him	jesse	late	named	resemblence	seen	singer	striking	tomorrow	true	twin	we
best	elders	gives	headache	honest	nowadays	old	were
about	agree	because	crap	elvis	gang	garbage	go	gonna	gucci	here	if	king	let	magnificent	new	or	people	person	please	replace	right	seriously	sounds	think	today	wait
beach	dance	dream	get	hawaii	listen	partner	such	wanna
best	did	selling	single
about	because	born	circle	comment	dont	generation	jerk	kids	listen	listening	old	ones	only	re	smart	thing	think	wrong	youtube
20th	artists	century	come	do	guys	listening	mail	medal	most	recognizable	special	sure	want	wow	your
better	carefully	god	if	kind	listen	story	tells	than	thank	way
best	brought	ever	glad	guy	hearts	king	lived	lives	musician	our	still	up
charming	more	mother	much	must	naples	original	say	speak	than	think	tongue	version
17	50s	60s	age	been	bold	come	compared	conclusion	currently	existent	experience	explicit	fossils	group	has	here	historic	however	illicit	isn	listen	modern	more	much	non	or	others	past	people	points	pretty	profane	realise	some	taste
2019	80s	am	another	evoke	evolution	milestone	response	similar	still	sure	year
creation	evergreen	melodious	much	romantic	sweet	thank	very	wonderful
don	get	how	lyrics	many	matter	repeated	same	times	tired
anymore	behind	being	broke	came	crazy	decide	dizzy	don	everytime	excitement	exciting	fear	got	heart	here	if	look	made	more	night	person	running	see	seen	star	stop	there	up	ve	yes
almost	change	feeling	gonna	got	if	months	nothings	read	remember	strong	were
15	22	boyfriend	day	first	him	husband	last	loved	old	send	since	together	valentine	we	years
aren	bullshit	give	heart	life	materialistic	their	today	true	where	written	wrong
down	gave	most	person	really	romantic	thumbs	want	who	wrong
1988	about	anymore	appreciated	because	change	don	era	especially	ever	fool	going	having	if	incase	may	might	nothing	otherwise	plan	ready	still	thought	track	true	upload	very	via	without
anyone	beach	breeze	california	cool	dress	faded	floaty	lady	late	levis	linen	refreshing	romantic	shirt	suggestive	summer	think	walk	white
how	lady	much	say	says	true
do	fantastic	little	new	should	someone	version
about	days	gone	nothing	people	real	sing	today
brains	by	deserves	despecio	humans	if	light	makes	more	most	outbeats	something	swift	taylor	trillion	video	views	wonder	wrong	years
about	away	best	breath	certain	gave	held	him	hug	hugs	man	mind	omg	takes	thinking	tight
back	been	fucking	getting	laid	looked	lot	mendes	much	must	shawn	then	ve
changes	crucifix	got	lets	look	man	okay	shirt	three	times
1980	certainly	focus	soft	sure	we	where	without	would
80s	about	during	especially	overplayed	perfect	were
believe	best	matter	missing	real	we	world	year
being	call	called	deserver	evergreen	got	happiest	has	life	moment	people	priceless	thing	thousand
am	bad	believe	change	crying	do	feel	god	going	how	makes	nothing	someone	think
best	everytime	favorite	forever	hear	heart	question	radio	touch	wow
am	an	been	born	era	feel	kids	lucky	make	nowadays	play	proud	really	them	these
bad	caught	change	detention	ever	gonna	how	if	ll	lol	nothing	since	sings	teacher	wonder
been	boy	could	dude	feel	had	huge	movie	natural	pinup	romantic	screen	seemed	side	soft	star	teenage	typical	ve
18	about	ago	change	ever	feeling	gonna	its	lovely	loving	married	nothing	same	says	still	truly	wife	years
add	ago	an	by	couple	didn	find	had	honest	idea	innocence	kid	may	out	seems	sung	these	until	weeks	years
been	better	called	classified	emotion	feelings	george	glen	had	hit	if	overall	popstars	pretty	sang	some	still	than	these	tune	wonder
attention	create	heart	how	inside	listening	live	snatched	taught	uncle
although	blue	budget	ever	front	lol	lowest	probably	screen	seen	ve	video
almost	cute	downhill	go	guess	guy	handsome	harder	looked	looks	middle	more	naturally	preserve	re	sad	should	still	though	typical	ve	wish	young
ages	anymore	day	we	why	wrong
80	90	born	came	even	out	really	though	wasn	yet
again	believe	blessed	brightens	face	feel	first	god	hard	heart	him	its	lost	may	melts	moon	much	send	stars	stop	sweet	thank	think	thinking	thought	thoughts	too	ve	very	wait	walker	wanna	way	world
complaining	first	go	guys	if	listen	ll	make	stop
day	kind	listening	make	real	up
an	best	chock	college	cool	curious	educator	emerge	era	full	hi	himself	imho	mederios	mr	ones	pop	prep	president	pretty	reinvent	romantic	school	went
about	behind	better	etc	gonna	how	modern	much	other	take	think
about	actually	days	its	looks	meant	something	these	videos
cry	do	everytime	funny	girlfriend	hope	its	makes	sad	same
find	innocent	kind	these	video	where
beat	classic	excellent	its	millennium	romantic
easy	exactly	hear	innocent	right	says	simple	woman
country	currently	going	has	husband	meaningful	out	present	real	reduced	sent	tears	through	tough	who	words
here	live	quite	record	singing	sounds
ain	amen	anymore	best	gonna	loved	much	peace	performance	rest	says	scott	shine	sun	talent	thank
about	background	definitely	live	performed	sure	vocals
awesome	limitlessly	parallel	reincarnated	universe	want	where
after	another	beginning	cause	cockamame	come	dead	door	dream	has	idea	improvement	light	loving	lucky	make	mean	minute	move	our	really	rest	room	says	second	seeing	should	special	still	sure	true	tunnel	wait	way
group	hear	live	nice	sounds	studio	version	well
better	brothers	did	frankie	hear	mind	must	only	original	recollection	slow	than	think	thinks	too	valli	version	walker	who	yes
am	better	did	fast	four	horrible	much	only	seasons	thinks	too	version	who
again	apparently	came	do	hear	heard	loved	myself	need	out	still	supernatural	thought
am	any	anymore	gets	gonna	looking	lose	man	son	way	wife
arms	come	downy	easily	even	fore	hair	how	interesting	means	scott	see	technology	tendons	todays	veins	vintage	we
60	again	along	brothers	case	comes	didn	had	info	interested	jim	live	mary	original	re	realize	recording	show	singing	smothers	sophisticated	such	technology	thanks	tube	where	yester
50	60	70	artists	back	band	didn	do	easy	engineer	even	frequently	get	making	need	needed	only	sound	studio	technique	tracks	up	used	very	whenever
bass	cool	did	easy	echoed	emptiness	excellent	four	going	has	line	lose	lyric	miss	more	much	musically	nothing	out	piano	place	re	really	seasons	spectorish	start	stuff	there
further	guys	made	nice	real	should	sound	theme	these	voices
1966	20	ain	also	anymore	aren	beatles	been	brothers	charting	club	country	did	especially	fact	fan	girls	gonna	high	hit	larger	lead	less	most	new	number	particularly	people	popularity	reached	said	scott	shine	successful	sun	teenage	than	their	uk	vocalist	walker	well	which
1965	1966	2019	brothers	by	december	do	does	frankie	justice	label	more	originally	recorded	released	single	smash	successful	valli	walker
11	19	29	day	end	here	keep	listening	powerful	timeless	until	we
beyond	eternal	had	idea	their	theme
am	away	else	father	got	has	here	its	listening	morning	nearly	passed	shine	smiling	somehow	sun	sure	thinking	track	who
000	50	80	about	agree	ain	alone	anymore	being	best	company	favorite	funny	garbage	gonna	has	itunes	made	marin	most	mr	none	out	put	shine	stand	stands	sun	surname	their	there	today	trio	very	walker
america	american	an	band	britain	brothers	did	due	famous	history	made	may	righteous	than	walker
an	because	both	brothers	confuse	deal	deserve	groups	magnificently	masterpiece	much	outstanding	probably	reason	respect	righteous	some	sound	sung	unforgettable	walker	wow
2019	again	do	every	four	listening	listens	loving	or	second	should	singing	three	trick
ever	gonna	head	ones	rings	shine	sun
60	ago	couple	day	era	every	fantastic	instruments	into	listen	lyrics	missed	posting	ran	somehow	thanks	video	voices	weeks
10	doomsday	ever	favorite	knowing	these
clarity	depth	deteriorated	has	listen	male	sad	sounds	timber	today	vocalist	way
definitely	even	five	loved	many	more	think	tire	today	top	years
bad	create	didn	enjoy	forever	greatest	history	master	more	musical	pieces	too	us	voices
break	crazy	drama	easy	had	meaning	real	some	take	these	up	yourself
day	dead	forever	generation	get	glorious	god	listen	musicians	our	shared	up	us	wake	we
60	back	beautifully	classic	crafted	defining	equipment	era	given	haunting	many	moving	recording	sound	them	then	there	those	way	were
about	artists	fame	generation	lust	money	new	nobody	nowadays	sing	sucks	today	touching	write
about	better	each	got	listened	million	perfect	times
19	60s	amazing	away	blows	correct	drummer	fantastic	format	headphones	hearing	hidden	its	kan	magnificent	mind	much	off	our	player	presenting	production	ps	record	some	somewhere	stereo	thank	thru	try	uk	your
best	captured	day	died	download	era	had	has	own	shined	since	sound	sun	their	up	yet
been	by	company	create	intelligible	more	orchestra	overwhelmed	record	version	vocals	wish	would
an	camera	clever	clip	considered	day	despite	irritating	its	microphone	obscuring	performance	perhaps	singers	work
brilliant	detract	difficult	elsewhere	imprinted	look	mind	once	really	seen	sound	such	tight	trousers	way	wish
feeling	has	hear	here	innocence	its	kinds	life	little	original	pure	spirted	such	these	vocals
again	any	arrangement	because	better	compare	doesn	every	favorite	few	get	harmony	hear	ll	past	perfect	super	than	those	today	way
60s	brilliant	by	engel	full	given	masculine	melancholy	mid	pop	scott	throttle
before	going	here	keeping	out	pretty	ricky	thank	were
am	bass	bottom	does	here	home	miami	only	tell	well
80	90	back	bass	classics	early	era	florida	had	honestly	lock	many	mid	out	say	south	those	through	whole
agree	an	any	anything	ask	cookout	every	family	fits	genders	generation	greatest	hey	if	let	listen	much	muchm	other	out	party	play	races	same	seemed	situation	tell	thank	them	there	type	ya
beat	coincide	degrade	diss	downgrade	has	innovate	inspire	lost	made	motivate	na	need	or	purpose	want	were
because	called	felt	how	men	our	soft	told	try	we	where	why	women	your
ago	been	bit	come	could	do	email	few	if	information	intended	little	lot	months	more	next	only	see	solely	we	week	weeks	would
age	classic	comments	don	dumb	exactly	life	may	means	more	much	nor	other	others	say	than	their	there	tomorrow	twice
age	by	dudes	had	imagine	leo	less	listen	man	many	masterpieces	more	natural	only	passed	pop	radio	such	talent	tarts	them	then	today	wailing	would	written	young
amazing	enchanced	era	graphics	hd	real	really	simplistic	something	special	there	those	yet
end	happens	much	paint	pretty	too	up
after	amazing	came	cute	grandma	guy	has	here	listening	singer	smile	street	sweet	we	yes
after	dog	here	included	lady	media	myself	people	powerful	seeing	singing	source	such	sweet	twitter	unbelievable	video
after	came	chihuahua	dog	ever	here	herman	intelligent	jack	listening	lola	loving	malinda	mix	more	most	owned	rescue	say	singing	terrier	than	too
different	find	first	format	prefer	seen	soothing	ve	video
able	beauty	bottom	delivered	heart	how	message	much	today	tomorrow	twice	unfortunately	word	youngsters
advance	been	chorus	com	goes	hard	https	melodica	months	off	or	remember	same	similar	something	starts	thanks	there	trying	ve	vocaroo	way
boyfriend	future	him	if	more	say	sing	tell	than	would
could	hear	man	over	sing	special	way	young
after	came	did	girl	girlfriend	happened	marry	new	real	then	unattractive	wonder
am	another	around	bulls	dance	days	epileptic	feels	guy	look	lot	noise	seized	those	today	way	were	who
cars	clear	drive	late	night	relaxed	streets	tune	vibe
california	car	desert	driving	golden	imagine	listening	moment	sunset	through	would
dear	film	permission	re	really	short	sir	too	use	want
by	forget	gives	leo	life	many	memorable	singer	singing
boot	looking	talented	very	well
80s	any	broadcast	classics	early	era	get	huge	many	more	other	pop	radio	still	streaming	than	them
70	80	about	art	care	day	generation	if	musics	part	signers	true	were	wish
before	bit	breath	came	every	gather	more	out	sounds	take	than
am	another	cry	do	guy	make	mean
else	gift	giving	goes	how	keeps	someone
dance	dancing	friends	if	keep	mind	physically	your
another	elvis	guy	original	singer	thought
by	certainly	dancing	does	feel	himself	judging	leo	listeners	make	video	viewers
crazy	eye	fell	full	insane	loud	singing	sometime	sorrow	tears	unsaid
afro	background	bizarre	bob	down	entire	hot	how	painting	reason	seriously	some	throughout	video	would
40	an	brought	c9	daddy	dated	film	haven	here	home	instrumental	myself	only	sweet	thought	vintage	yeah	years
80	adult	away	by	complete	couple	dozen	golden	later	made	melody	message	oldies	only	or	orchestration	other	outstanding	pull	simple	standards
countrify	course	day	may	nice	version
could	dislike	don	hits	home	how	right	someone	such	understand
better	devices	digital	excellent	far	lyrics	modern	more	produce	real	rely	singers	singing	than	versions	which
class	family	fan	future	happiness	health	legenda	life	light	luck	much	musical	nice	prof	real	rock	sing	soft	thank	too	very	young
age	big	come	currently	dates	dudes	every	girl	guy	ha	hair	if	im	international	mean	pink	pretty	range	sing	suit	them	want	would
cutting	doing	gifts	giving	making	out	pictures	them
absolutely	favorites	hearing	tire
cup	extremely	heart	isn	melting	really	some	tea
1980	about	around	boyfriends	brother	doormat	favorites	gonna	has	him	let	look	really	sort	tell	though	use
care	clown	funny	guy	hospitals	kids	least	leo	most	nice	nonetheless	others	out	people	really	sick	singing	started	thinks	would
don	going	got	him	opening	or	painter	richard	seeing	simmons	softly	speaks	suggest	thing	video	well	who	would
afraid	feel	him	how	really	sad	someone	such	tell	your
age	am	comes	dear	friend	glad	important	think
